time_s,wind_W,hydro_W,vibration_W,piezo_W,solar_W,total_W,storage_V,soc,load_W
0.0,8.113513842633681,0.014721330524061757,0.0031190450554120937,0.0062380901108241875,0.0,6.916953462075381,1.1277408554370416,0.04204295659576431,0.005
60.0,2.2865343895626173,0.34354950947681484,0.030521356251241676,0.06104271250248335,0.0,2.3134007726241834,5.5,1.0,0.005
120.0,1.70802029630235,0.003470434797538323,0.020859733827280704,0.04171946765456141,0.0,1.507959442694471,5.5,1.0,0.005
180.0,0.0,0.5661808747507037,0.013144166754477863,0.026288333508955725,0.0,0.5147713687620167,5.5,1.0,0.005
240.0,9.432023520176003,0.3440720699464649,0.030848251549067743,0.061696503098135486,0.0,8.388344293054221,5.5,1.0,0.005
300.0,18.690086550401055,0.14321607708066103,0.011254865788912714,0.022509731577825428,0.0,16.03700714112119,5.5,1.0,0.005
360.0,0.0,0.4586033305213165,0.0181510294753666,0.0363020589507332,0.0,0.4360979561053039,5.5,1.0,0.005
420.0,3.979133291718067,0.44992826191668117,0.03377822615356833,0.06755645230713667,0.0,3.8508367972811355,5.5,1.0,0.005
480.0,16.412927650666223,0.26689025188581966,0.00900016616344646,0.01800033232689292,0.0,14.200795640886023,5.5,1.0,0.005
540.0,0.0,0.310874496668674,0.002902868911522162,0.005805737823044324,0.0,0.2716456378927544,5.5,1.0,0.005
600.0,16.722094721917,0.41554474925280377,0.014692017624183946,0.02938403524836789,0.0,14.604458195435999,5.5,1.0,0.005
660.0,0.0,0.03559197075361787,0.010648240833465784,0.021296481666931568,0.0,0.057406189265912934,5.5,1.0,0.005
720.0,0.0,0.18769133613007283,0.028290720830858256,0.05658144166171651,0.0,0.23167897382925046,5.5,1.0,0.005
780.0,5.528783984011622,0.059442974647059076,0.011672334897183147,0.023344669794366293,0.0,4.7797573688476955,5.5,1.0,0.005
840.0,12.276106739304812,0.3470932025628336,0.006368061799725324,0.012736123599450647,0.0,10.745958508176797,5.5,1.0,0.005
900.0,7.855785489406292,0.11824331385669773,0.004502725579814626,0.009005451159629252,0.0,6.7894064330020685,5.5,1.0,0.005
960.0,5.613763679585277,0.2145408362404412,0.008119771504915267,0.016239543009830534,0.0,4.974764255789394,5.5,1.0,0.005
1020.0,1.761715654432203,0.5794461520315675,0.01115030104877532,0.02230060209755064,0.0,2.0184208031685817,5.5,1.0,0.005
1080.0,0.7121891786464157,0.36874653097097526,0.02516517555275482,0.05033035110550964,0.0,0.9829665508343072,5.5,1.0,0.005
1140.0,13.050284361239283,0.24437765570699713,0.015685854231316822,0.031371708462633645,0.0,11.340461642694196,5.5,1.0,0.005
1200.0,5.372764651181436,0.5583468806673786,0.005128811315505854,0.010257622631011707,0.0,5.0545232709260315,5.5,1.0,0.005
1260.0,3.4642820288221943,0.3691702070647456,0.011720538469473617,0.023441076938947234,0.0,3.2883217736010564,5.5,1.0,0.005
1320.0,30.132034724202416,0.04983290330892687,0.007749224981338347,0.015498449962676695,0.0,25.674348007087058,5.5,1.0,0.005
1380.0,1.7594842067925374,0.11242446051474722,0.028329841393590925,0.05665968278718185,0.0,1.6633634627648488,5.5,1.0,0.005
1440.0,0.0,0.5184666901468477,0.0007682528708895104,0.0015365057417790209,0.0,0.44265573144558873,5.5,1.0,0.005
1500.0,2.291267908870326,0.5368647800356524,0.004486524655307655,0.00897304931061531,0.0,2.415353423441116,5.5,1.0,0.005
1560.0,1.4163691798546738,0.20675708671231585,0.003591000932622758,0.007182001865245516,0.0,1.3888143789601293,5.5,1.0,0.005
1620.0,0.0,0.5158431616104435,0.027652426525190513,0.05530485305038103,0.0,0.5089803750081128,5.5,1.0,0.005
1680.0,0.8183578772314987,0.3456308572828928,0.017037531820772892,0.034075063641545784,0.0,1.0328361304802036,5.5,1.0,0.005
1740.0,0.710330569851517,0.05463359764046896,0.011161957602666066,0.022323915205332133,0.0,0.6786825342549865,5.5,1.0,0.005
1800.0,27.23579901417389,0.18735370015265151,0.005745375921265797,0.011490751842531594,0.0,23.324330515776786,5.5,1.0,0.005
1860.0,0.0,0.10250269414537432,0.019221782906121292,0.038443565812242585,0.0,0.13614283643417746,5.5,1.0,0.005
1920.0,0.0,0.3346869455101446,0.031165670967023187,0.06233134193404637,0.0,0.363956364649532,5.5,1.0,0.005
1980.0,2.119969307401127,0.02285351197696691,0.006863495659076843,0.013726991318153687,0.0,1.8389013104020258,5.5,1.0,0.005
2040.0,6.752560084410623,0.08585949319243037,0.02323086650995136,0.04646173301990272,0.0,5.871895350562971,5.5,1.0,0.005
2100.0,0.0,0.07438041657489272,0.019997716692925528,0.039995433385851056,0.0,0.11421753165561889,5.5,1.0,0.005
2160.0,0.0,0.4242449077550437,0.0025589101584603197,0.005117820316920639,0.0,0.36713339249586097,5.5,1.0,0.005
2220.0,5.402728399737925,0.563652643043046,0.0008130189275574704,0.0016260378551149408,0.0,5.073497084629096,5.5,1.0,0.005
2280.0,7.971995980758143,0.04920182942321095,0.007435219363882061,0.014870438727764121,0.0,6.83697794803205,5.5,1.0,0.005
2340.0,26.879965873225284,0.20515851928277304,0.0045869937717439475,0.009173987543487895,0.0,23.034052567749796,5.5,1.0,0.005
2400.0,6.58051948459123,0.43196310457906645,0.010532358647963116,0.02106471729592623,0.0,5.987467715347059,5.5,1.0,0.005
2460.0,3.717769461186769,0.39300801954099335,0.018253054542072582,0.036506109084145165,0.0,3.540706147700883,5.5,1.0,0.005
2520.0,10.543298719261637,0.29632796395001554,0.028553229398907077,0.057106458797814154,0.0,9.286493415697118,5.5,1.0,0.005
2580.0,22.430186735334445,0.5287711008857681,0.014779014043953527,0.029558028087907053,0.0,19.552800646599263,5.5,1.0,0.005
2640.0,6.86794209030561,0.08937747201803811,0.02279137882811709,0.04558275765623418,0.0,5.971839643986799,5.5,1.0,0.005
2700.0,20.500343182807754,0.07748813395612365,0.025552780712911397,0.051105561425822794,0.0,17.556316210067216,5.5,1.0,0.005
2760.0,0.536993637009161,0.3732413718436146,0.023288273137982995,0.04657654627596599,0.0,0.8330848540267158,5.5,1.0,0.005
2820.0,9.62402740296005,0.510353113518172,0.026434299039833832,0.052868598079667664,0.0,8.681630901558062,5.5,1.0,0.005
2880.0,0.7950696477816287,0.21982749489350206,0.02270571235692056,0.04541142471384112,0.0,0.9205621377840085,5.5,1.0,0.005
2940.0,0.0,0.5816495217564651,0.00960888619816028,0.01921777239632056,0.0,0.5189047532983041,5.5,1.0,0.005
3000.0,22.9107079273364,0.24828874161598002,0.020419816173244582,0.040839632346489164,0.0,19.737217699851296,5.5,1.0,0.005
3060.0,0.0,0.12853485238209955,0.026976345595857223,0.05395269119171445,0.0,0.1780443057942205,5.5,1.0,0.005
3120.0,7.134861370653011,0.2031530848436442,0.008942755710663464,0.017885511421326928,0.0,6.260116314234349,5.5,1.0,0.005
3180.0,0.0,0.581495350102587,0.002464447480725701,0.004928894961451402,0.0,0.5005553886630495,5.5,1.0,0.005
3240.0,0.0,0.3077086514634377,0.0033431613208902795,0.006686322641780559,0.0,0.27007741511219224,5.5,1.0,0.005
3300.0,1.6146844811670396,0.551475859985305,0.024160101545365933,0.048320203090731866,0.0,1.902844548920176,5.5,1.0,0.005
3360.0,24.43893519538059,0.3562235556674944,0.01309782176141718,0.02619564352283436,0.0,21.109284383882482,5.5,1.0,0.005
3420.0,0.0,0.5071897278490602,0.013093095886853002,0.026186191773706003,0.0,0.46449866318317634,5.5,1.0,0.005
3480.0,0.0,0.10002338266527086,0.03404835235849227,0.06809670471698454,0.0,0.1718431737796355,5.5,1.0,0.005
3540.0,0.0,0.38672533685291144,0.010230591582384865,0.02046118316476973,0.0,0.35480454486005614,5.5,1.0,0.005
3600.0,10.178871061522125,0.3260092871401519,0.0003536307597092883,0.0007072615194185766,0.0,8.930050054800194,5.5,1.0,0.005
3660.0,0.0,0.20327428296165712,0.006232163746730407,0.012464327493460815,0.0,0.1886751580715711,5.5,1.0,0.005
3720.0,0.0,0.11356364390644727,0.011123893247637304,0.022247786495274608,0.0,0.1248950251019553,5.498652966002319,0.9995102294388792,0.005
3780.0,5.609874389380237,0.5488607697056116,0.022047027641543974,0.04409405528308795,0.0,5.291144805708908,5.5,1.0,0.005
3840.0,7.092281637635887,0.1092964793719656,0.03151774546879161,0.06303549093758322,0.0,6.2017116504020935,5.5,1.0,0.005
3900.0,4.139196256854791,0.4564699161647399,0.008898231430389722,0.017796462860779443,0.0,3.929006737214095,5.5,1.0,0.005
3960.0,24.483903488556486,0.12479062235472321,0.030919928003738578,0.061839856007477156,0.0,20.99623581068406,5.5,1.0,0.005
4020.0,12.120247579690986,0.3163735687408455,0.032290075265330044,0.06458015053066009,0.0,10.653467668093647,5.5,1.0,0.005
4080.0,0.0,0.34969749752997803,0.004742425768626032,0.009484851537252065,0.0,0.30933605861047775,5.5,1.0,0.005
4140.0,0.0,0.5846020349378739,0.013281500668541803,0.026563001337083607,0.0,0.5307795564019744,5.5,1.0,0.005
4200.0,0.0,0.32961011886038055,0.01932766988559443,0.03865533977118886,0.0,0.32945415923958926,5.5,1.0,0.005
4260.0,30.156507626600302,0.19824679977344253,0.028074341666737005,0.05614868333347401,0.0,25.873130833667865,5.5,1.0,0.005
4320.0,0.0,0.31623657602362765,0.0009258585282946261,0.0018517170565892523,0.0,0.2711620288672348,5.5,1.0,0.005
4380.0,15.689559923492297,0.5152086906099665,0.0031069967033927775,0.006213993406785555,0.0,13.781976163580577,5.5,1.0,0.005
4440.0,0.0,0.09710351206926206,0.00987876074194846,0.01975752148389692,0.0,0.10772882515084131,5.5,1.0,0.005
4500.0,8.567020439702178,0.41835075893281687,0.012910858979794274,0.02582171795958855,0.0,7.670488209238221,5.5,1.0,0.005
4560.0,8.68577200598743,0.3370939385146662,0.0019158549578218071,0.0038317099156436143,0.0,7.674321482969227,5.5,1.0,0.005
4620.0,17.23086672249968,0.08868747837767062,0.006422780997807305,0.01284556199561461,0.0,14.737999162290157,5.5,1.0,0.005
4680.0,1.177087455702967,0.030739892354787426,0.0006990612554703901,0.0013981225109407803,0.0,1.0284358520505408,5.5,1.0,0.005
4740.0,10.515595159213373,0.46323867497224486,0.0067063217160310525,0.013412643432062105,0.0,9.349109879433655,5.5,1.0,0.005
4800.0,27.322855128780176,0.3433847603719751,0.009257056789519283,0.018514113579038566,0.0,23.539909400592602,5.5,1.0,0.005
4860.0,0.0,0.2136728860553548,0.003424004064830315,0.00684800812966063,0.0,0.1903531635123689,5.5,1.0,0.005
4920.0,12.071764892653004,0.5134328697128753,0.03367781911415237,0.06735563822830475,0.0,10.783296536752086,5.5,1.0,0.005
4980.0,0.0,0.2864574818730677,0.003214177101279734,0.006428354202559468,0.0,0.2516850112003709,5.5,1.0,0.005
5040.0,0.0,0.13253538809743085,0.005894750558659153,0.011789501117318305,0.0,0.12768669380739706,5.498407333467614,0.9994209323877831,0.005
5100.0,0.0,0.36445344114420475,0.0046678506801924174,0.009335701360384835,0.0,0.32168844420706466,5.5,1.0,0.005
5160.0,8.440806434800256,0.3302248650516194,0.02141184917762433,0.04282369835524866,0.0,7.509976820277037,5.5,1.0,0.005
5220.0,3.092048390650621,0.4564374236407387,0.007512747093126144,0.015025494186252288,0.0,3.0353704472351275,5.5,1.0,0.005
5280.0,0.0,0.48787559478850967,0.004983537542421147,0.009967075084842294,0.0,0.4274022763034071,5.5,1.0,0.005
5340.0,2.6656266977778342,0.3998893903480984,0.0011305284072019813,0.0022610568144039627,0.0,2.608571522345408,5.5,1.0,0.005
5400.0,4.716812658950092,0.3831294621044928,0.029109405335143803,0.058218810670287606,0.0,4.409179786501014,5.5,1.0,0.005
5460.0,1.4551032403916302,0.32292726343535966,0.021017767592801963,0.04203553518560393,0.0,1.5649212356145865,5.5,1.0,0.005
5520.0,9.307127684680816,0.3899748019911548,0.01073229798239525,0.0214645959647905,0.0,8.269904473526283,5.5,1.0,0.005
5580.0,0.0,0.37806650194155655,0.00035892211710597657,0.0007178442342119531,0.0,0.3222717780489433,5.5,1.0,0.005
5640.0,5.828022215425376,0.2976121166261915,0.034048027243041505,0.06809605448608301,0.0,5.293611651713588,5.5,1.0,0.005
5700.0,0.0,0.2951841942583003,0.005963656277550985,0.01192731255510197,0.0,0.2661138886273102,5.5,1.0,0.005
5760.0,2.2663361782980234,0.39520041979069825,0.013192286460209313,0.026384572920418625,0.0,2.2959464388489472,5.5,1.0,0.005
5820.0,0.0,0.033020628336945086,0.018502499172649584,0.03700499834529917,0.0,0.07524890697665976,5.499758016695481,0.9999120080068171,0.005
5880.0,0.0,0.39738486225196257,0.027881046472081165,0.05576209294416233,0.0,0.40887380141797514,5.5,1.0,0.005
5940.0,0.0,0.5455362269313632,0.011325939460638918,0.022651878921277836,0.0,0.4925869385162879,5.5,1.0,0.005
6000.0,0.0,0.41037305439386346,0.033985255988342435,0.06797051197668487,0.0,0.4354794990050571,5.5,1.0,0.005
6060.0,0.8179449314051946,0.04050003844176176,0.0018475428938336238,0.0036950857876672477,0.0,0.7343894587491886,5.5,1.0,0.005
6120.0,12.82438892334927,0.4433891256386509,0.013979982193121304,0.027959964386242608,0.0,11.313260296232192,5.5,1.0,0.005
6180.0,7.794207507846825,0.08758149329186546,0.008009733282482218,0.016019466564964436,0.0,6.7199454708382165,5.5,1.0,0.005
6240.0,0.5773078839905759,0.2918250927366207,0.0065761543680430004,0.013152308736086001,0.0,0.7555322238566268,5.5,1.0,0.005
6300.0,18.471817966912926,0.5756948943464286,0.025265907775678415,0.05053181555135683,0.0,16.25481399689843,5.5,1.0,0.005
6360.0,0.0,0.5243948670683644,0.016745432139103716,0.03349086427820743,0.0,0.4884364889628242,5.5,1.0,0.005
6420.0,22.442822710966635,0.28657573488155863,0.018085566729384092,0.036171133458768184,0.0,19.366106874130892,5.5,1.0,0.005
6480.0,28.007110643847327,0.4044561634750798,0.002807549319639045,0.00561509863927809,0.0,24.156991036989123,5.5,1.0,0.005
6540.0,0.0,0.34983528770792893,0.028023621523522942,0.056047243047045885,0.0,0.3688202294367231,5.5,1.0,0.005
6600.0,10.14157624537799,0.12723612331749373,0.01592273331959534,0.03184546663919068,0.0,8.769093483356128,5.5,1.0,0.005
6660.0,0.0,0.27594148923010436,0.005538068143789471,0.011076136287578942,0.0,0.24867233961225185,5.5,1.0,0.005
6720.0,3.766966291372569,0.3279735177124668,0.022297005352151567,0.04459401070430313,0.0,3.5375562013702675,5.5,1.0,0.005
6780.0,8.362573336855146,0.026765572701738606,0.03129935884682298,0.06259871769364596,0.0,7.21075143818275,5.5,1.0,0.005
6840.0,21.061366274147044,0.012355456449947412,0.0010364687386743832,0.0020729374773487664,0.0,17.91530646629106,5.5,1.0,0.005
6900.0,0.8852745566936805,0.14640202946403985,0.0037248687700398987,0.007449737540079797,0.0,0.886423513597664,5.5,1.0,0.005
6960.0,11.137368301520103,0.3341433809400981,0.023798677707379222,0.047597355414758444,0.0,9.811471558244989,5.5,1.0,0.005
7020.0,2.113197779349552,0.49715658096259246,0.01802616359161229,0.03605232718322458,0.0,2.264767923423934,5.5,1.0,0.005
7080.0,0.0,0.4866266943227397,0.010424286204292206,0.020848572408584412,0.0,0.44021461999527384,5.5,1.0,0.005
7140.0,0.0,0.37536597892312434,0.026866102878063902,0.053732205756127804,0.0,0.3875696444237186,5.5,1.0,0.005
7200.0,0.0,0.325900855555878,0.03170616745930812,0.06341233491861624,0.0,0.357866454243732,5.5,1.0,0.005
7260.0,0.0,0.3172641927032151,0.004876412890467832,0.009752825780935665,0.0,0.28210941666842576,5.5,1.0,0.005
7320.0,9.29651181587985,0.571229416080578,0.025179200439083515,0.05035840087816703,0.0,8.451787008286027,5.5,1.0,0.005
7380.0,0.0,0.4725215349210573,0.014239794735415558,0.028479589470831117,0.0,0.43795478125820836,5.5,1.0,0.005
7440.0,8.090836408295486,0.024959675233930993,0.0015245339299623725,0.003049067859924745,0.0,6.90231423252141,5.5,1.0,0.005
7500.0,1.0185290837054461,0.5336463046925604,0.02227472201779755,0.0445494440355951,0.0,1.3761496212836892,5.5,1.0,0.005
7560.0,4.638121450114009,0.2981778928290286,0.009624391555186332,0.019248783110372664,0.0,4.220396639967307,5.5,1.0,0.005
7620.0,1.1734607083373056,0.3989701242543318,0.03231896050412852,0.06463792100825703,0.0,1.4189795569884196,5.5,1.0,0.005
7680.0,0.0,0.14968404666205315,0.005966103545483523,0.011932207090967047,0.0,0.14244500370372815,5.5,1.0,0.005
7740.0,29.72421571419595,0.2888961033436163,0.007213126629116605,0.01442625325823321,0.0,25.529538517812878,5.5,1.0,0.005
7800.0,1.3899675851210167,0.5196221624472833,0.002325592740339138,0.004651185480678276,0.0,1.6290815469209199,5.5,1.0,0.005
7860.0,6.848700765193685,0.29052159481535006,0.03248790692977113,0.06497581385954226,0.0,6.151183168678596,5.5,1.0,0.005
7920.0,3.9472309258947633,0.409469858850709,0.0054403328806443,0.0108806657612886,0.0,3.717068515879294,5.5,1.0,0.005
7980.0,11.356335851623617,0.007280896185851112,0.02748968868605885,0.0549793773721177,0.0,9.729172941787496,5.5,1.0,0.005
8040.0,16.740642687061104,0.31345723744650095,0.0004703261750238785,0.000940652350047757,0.0,14.497184267577774,5.5,1.0,0.005
8100.0,9.728659029917058,0.444253318381582,0.0007890925491127558,0.0015781850982255117,0.0,8.64898768205408,5.5,1.0,0.005
8160.0,12.224472013785132,0.5155232973028917,0.019514703951156932,0.039029407902313865,0.0,10.878758509500269,5.5,1.0,0.005
8220.0,25.44867349403401,0.528781417563767,0.011573820392749512,0.023147640785499024,0.0,22.110349916859622,5.5,1.0,0.005
8280.0,0.8302824318107269,0.16237940854154556,0.008204810155372173,0.016409620310744347,0.0,0.8646848301956307,5.5,1.0,0.005
8340.0,2.583918337768623,0.2781427820025722,0.011815732913447436,0.023631465826894873,0.0,2.462882070734807,5.5,1.0,0.005
8400.0,16.776367338742368,0.28714357921954253,0.004812567308469499,0.009625134616938999,0.0,14.516256326904221,5.5,1.0,0.005
8460.0,0.7664265871100919,0.546860525907978,0.003298327236916749,0.006596654473833498,0.0,1.124704780519497,5.5,1.0,0.005
8520.0,2.6827067436718286,0.14902531362868615,0.005263944482493963,0.010527888964987926,0.0,2.420395307135797,5.5,1.0,0.005
8580.0,3.438427304075817,0.44234096934413897,0.014963822032645478,0.029927644065290956,0.0,3.336810778590208,5.5,1.0,0.005
8640.0,1.2601466190981014,0.026169763625212995,0.010541563680171392,0.021083127360342784,0.0,1.1202499126992542,5.5,1.0,0.005
8700.0,0.0,0.21728380864331862,0.012398543066178162,0.024797086132356323,0.0,0.21630752216557514,5.5,1.0,0.005
8760.0,14.256505625703955,0.145326833296821,0.008712790873247915,0.01742558174649583,0.0,12.263775206877442,5.5,1.0,0.005
8820.0,0.5535405005311868,0.0021190662601313004,0.005860440587067853,0.011720881174135707,0.0,0.4872547552696433,5.5,1.0,0.005
8880.0,13.489947030102783,0.4340202947418932,0.003148104591014915,0.00629620918202983,0.0,11.843399892825063,5.5,1.0,0.005
8940.0,3.719709264915834,0.0725493067276697,0.024958446578107602,0.049916893156215204,0.0,3.287063824671153,5.5,1.0,0.005
9000.0,10.40858996937391,0.213798124082926,0.0027141363490123496,0.005428272698024699,0.0,9.035950927128292,5.5,1.0,0.005
9060.0,22.175521617774304,0.010446423908739481,0.010324016516799248,0.020648033033598495,0.0,18.884399077548423,5.5,1.0,0.005
9120.0,22.86594117214294,0.4632377202236021,0.023122749014575388,0.046245498029150775,0.0,19.888765068498728,5.5,1.0,0.005
9180.0,0.9290035952388397,0.5506650085243556,0.0005212624046080448,0.0010425248092160895,0.0,1.2590475323304664,5.5,1.0,0.005
9240.0,18.40484574618368,0.5634322304575748,0.008546527178873897,0.017093054357747793,0.0,16.144829924451194,5.5,1.0,0.005
9300.0,30.60096757090101,0.21760096616527913,0.0019729878845063504,0.003945975769012701,0.0,26.200814375611838,5.5,1.0,0.005
9360.0,0.0,0.507858263445591,0.015705660672131003,0.03141132134426201,0.0,0.47172895864268644,5.5,1.0,0.005
9420.0,15.439629630182557,0.4523000144910787,0.033529287547909084,0.06705857509581817,0.0,13.593639881219756,5.5,1.0,0.005
9480.0,24.343520219613403,0.3745011809726811,0.006764306665229886,0.013528613330459772,0.0,21.027567172494507,5.5,1.0,0.005
9540.0,30.040006631294883,0.34744036415699386,0.003063464345115522,0.006126928690231044,0.0,25.83714178021414,5.5,1.0,0.005
9600.0,13.663000131803917,0.3204424184436604,0.0033357075404877525,0.006671415080975505,0.0,11.894432221938684,5.5,1.0,0.005
9660.0,6.79549787201567,0.22647667353974424,0.008252955811139238,0.016505911622278477,0.0,5.989723401040506,5.5,1.0,0.005
9720.0,0.0,0.2938386050034113,0.005437705818277462,0.010875411636554925,0.0,0.26362896408950715,5.5,1.0,0.005
9780.0,0.0,0.15468682330084735,0.010035470704296216,0.020070941408592433,0.0,0.15707425010167558,5.5,1.0,0.005
9840.0,0.0,0.35972074615833527,0.034043592197205604,0.06808718439441121,0.0,0.39257379433745926,5.5,1.0,0.005
9900.0,2.09452706696201,0.10367817713717553,0.03407713702729342,0.06815427405458684,0.0,1.9553711569039058,5.5,1.0,0.005
9960.0,17.820216742017454,0.5850086920145567,0.006222949817203819,0.012445899634407637,0.0,15.660310140961078,5.5,1.0,0.005
10020.0,2.8719030768754084,0.3314908199112767,0.01058401327036793,0.02116802654073586,0.0,2.7498740461081206,5.5,1.0,0.005
10080.0,22.11870980968884,0.460241421410466,0.02809723831999088,0.05619447663998176,0.0,19.263756504150386,5.5,1.0,0.005
10140.0,16.609629011804284,0.014229948089850354,0.026156180807470838,0.052312361614941676,0.0,14.196978376969064,5.5,1.0,0.005
10200.0,0.0,0.25185723533710147,0.006272812448716432,0.012545624897432864,0.0,0.23007432178076315,5.5,1.0,0.005
10260.0,4.7201152787094625,0.34871811019231563,0.0032736086605105706,0.006547217321021141,0.0,4.316856082650813,5.5,1.0,0.005
10320.0,0.0,0.1571438241417593,0.00596967018159124,0.01193934036318248,0.0,0.14879490948355306,5.5,1.0,0.005
10380.0,5.592739305052173,0.04633453691371046,0.0015190435179650201,0.0030380870359300403,0.0,4.797086326641812,5.5,1.0,0.005
10440.0,0.7088125834828658,0.41885088771871815,0.02560675626441758,0.05121351252883516,0.0,1.0238111789956112,5.5,1.0,0.005
10500.0,0.0,0.224126965826724,0.0008295787137625305,0.001659157427525061,0.0,0.19262334667280984,5.5,1.0,0.005
10560.0,4.4135328542025025,0.15483629769698168,0.023969058454571167,0.047938116909142334,0.0,3.9442348781737175,5.5,1.0,0.005
10620.0,0.0,0.340467571155505,0.00864066961957152,0.01728133923914304,0.0,0.31143114301208663,5.5,1.0,0.005
10680.0,0.0,0.11526297169275825,0.014244876525758794,0.02848975305151759,0.0,0.13429796107952946,5.5,1.0,0.005
10740.0,11.418623552126796,0.2874316765036662,0.024485970415437604,0.04897194083087521,0.0,10.012586168895258,5.5,1.0,0.005
10800.0,3.9484324156602417,0.17538927736282264,0.004381352370904358,0.008762704741808717,0.0,3.5164208876154106,5.5,1.0,0.005
10860.0,14.311608079354931,0.015150732805976274,0.017597974905366364,0.03519594981073273,0.0,12.222619826345454,5.5,1.0,0.005
10920.0,4.370048217629181,0.47478801317224195,0.027779419182508095,0.05555883836501619,0.0,4.188948315096605,5.5,1.0,0.005
10980.0,9.80936425989021,0.43825984755922187,0.0008187046970127467,0.0016374093940254935,0.0,8.712568188309397,5.5,1.0,0.005
11040.0,18.910630907193248,0.5307661980280144,0.003514824377002588,0.007029648754005176,0.0,16.53415034159943,5.5,1.0,0.005
11100.0,0.0,0.37681901464013895,0.00268410201630565,0.0053682040326113,0.0,0.3271406225856975,5.5,1.0,0.005
11160.0,0.0,0.0355882604103695,0.025769822639501838,0.051539645279003676,0.0,0.09596306907954376,5.5,1.0,0.005
11220.0,22.965981827369003,0.23886412002220309,0.006621137757095791,0.013242275514191581,0.0,19.74100295656312,5.5,1.0,0.005
11280.0,1.8745988652616596,0.3740609833549703,0.015514518778419332,0.031029037556838664,0.0,1.9509228942091046,5.5,1.0,0.005
11340.0,1.3105702577402663,0.2626565819544293,0.006154697729287053,0.012309395458574107,0.0,1.352937292950173,5.5,1.0,0.005
11400.0,27.85223111274999,0.5188656972982267,0.014416955894630969,0.028833911789261937,0.0,24.152195526072294,5.5,1.0,0.005
11460.0,5.874350447677372,0.015335271589014857,0.0022994810967289724,0.004598962193457945,0.0,5.012096538173088,5.5,1.0,0.005
11520.0,1.613945392014825,0.07029693250464157,0.0015008072454242346,0.003001614490848469,0.0,1.4354330343173785,5.5,1.0,0.005
11580.0,15.120574112318447,0.1804852336754913,0.0013368153081101538,0.0026736306162203076,0.0,13.009309323130529,5.5,1.0,0.005
11640.0,12.836802827200723,0.3218374486790434,0.006355025244323204,0.012710050488646409,0.0,11.201049548870824,5.5,1.0,0.005
11700.0,21.48575604280341,0.44169774615483864,0.009900879150180368,0.019801758300360735,0.0,18.663582962447467,5.5,1.0,0.005
11760.0,22.557468803735635,0.11845326695412246,0.0022398694434263384,0.004479738886852677,0.0,19.28024542716703,5.5,1.0,0.005
11820.0,1.3284687890143625,0.4831772904007673,0.02172718341801667,0.04345436683603334,0.0,1.5953034852188026,5.5,1.0,0.005
11880.0,2.3631962238044846,0.45556499733990957,0.002958593860178358,0.005917187720356716,0.0,2.40349145231619,5.5,1.0,0.005
11940.0,19.108956352830667,0.2027422057984343,0.016815055322610774,0.03363011064522155,0.0,16.45782216590739,5.5,1.0,0.005
12000.0,4.602495376943902,0.20336005668632895,0.008705109302732753,0.017410218605465506,0.0,4.107175147307665,5.5,1.0,0.005
12060.0,0.0,0.5012487486249501,0.01858312196530045,0.0371662439306009,0.0,0.47344839734272365,5.5,1.0,0.005
12120.0,1.3557733212188965,0.35288141779609555,0.0032210430268765837,0.006442086053753167,0.0,1.4605701878812785,5.5,1.0,0.005
12180.0,5.498816753862299,0.4158979707405664,0.003745700619572671,0.007491401239145342,0.0,5.037059052492346,5.5,1.0,0.005
12240.0,0.0,0.1982706267353746,0.02925666671092411,0.05851333342184822,0.0,0.24313453283792485,5.5,1.0,0.005
12300.0,0.0,0.19137361765751895,0.004920316478712437,0.009840632957424874,0.0,0.17521438202960782,5.5,1.0,0.005
12360.0,0.0,0.36825701469716293,0.034369684817786454,0.06873936963557291,0.0,0.40066115877794395,5.5,1.0,0.005
12420.0,17.35192253643438,0.5424962513555176,0.008410355028718489,0.016820710057436978,0.0,15.231702374944645,5.5,1.0,0.005
12480.0,29.660681294991946,0.5093023793711744,0.00462314495784078,0.00924628991568156,0.0,25.656275142851143,5.5,1.0,0.005
12540.0,0.0,0.3196083744538701,0.03087146231618748,0.06174292463237496,0.0,0.35038934719206766,5.5,1.0,0.005
12600.0,0.0,0.43903744908378367,0.012189083328375544,0.024378166656751087,0.0,0.40426399420857373,5.5,1.0,0.005
12660.0,3.571011412858098,0.10821001043019435,0.0010087215423488537,0.0020174430846977075,0.0,3.1299104497280377,5.5,1.0,0.005
12720.0,2.1620758262520865,0.07834709626208623,0.003602482642304828,0.007204965284609656,0.0,1.913545814874924,5.5,1.0,0.005
12780.0,24.94775787643255,0.055955174280423105,0.0029002443679975887,0.0058004887359951775,0.0,21.26055171624442,5.5,1.0,0.005
12840.0,0.0,0.002613652138802666,0.0095408052884376,0.0190816105768752,0.0,0.026550657803498145,5.5,1.0,0.005
12900.0,1.1383890328536153,0.520550046779084,0.0037560022137559457,0.007512004427511891,0.0,1.419676023332872,5.5,1.0,0.005
12960.0,0.0,0.3384707428639539,0.028616089538326516,0.05723217907665303,0.0,0.3606711597570934,5.5,1.0,0.005
13020.0,0.0,0.5704622023732265,0.021643004154171364,0.04328600830834273,0.0,0.5400825326103795,5.5,1.0,0.005
13080.0,3.3827504348734663,0.23767242230558744,0.0004192930513085232,0.0008385861026170464,0.0,3.0784286258830322,5.5,1.0,0.005
13140.0,10.977006808447042,0.45091777288625623,0.001854891937223381,0.003709783874446762,0.0,9.718465868573222,5.5,1.0,0.005
13200.0,0.0,0.2909619523554848,0.0047491419488713575,0.009498283897742715,0.0,0.25942797147178404,5.5,1.0,0.005
13260.0,0.4977119183826624,0.5507928430007605,0.025013963507848992,0.050027927015697984,0.0,0.9550146541209243,5.5,1.0,0.005
13320.0,0.0,0.29429784066950415,0.018262231780086298,0.036524463560172596,0.0,0.29672185560829856,5.5,1.0,0.005
13380.0,2.392906086639847,0.461668042728125,0.0028937471698849146,0.005787494339769829,0.0,2.4337670652459824,5.5,1.0,0.005
13440.0,8.682576439538728,0.4946783646940199,0.021707156945955135,0.04341431389191027,0.0,7.856019833810021,5.5,1.0,0.005
13500.0,9.943283387328092,0.47251581229367706,0.03298623424828257,0.06597246849656514,0.0,8.937544217011624,5.5,1.0,0.005
13560.0,29.171621992637448,0.2586700405092912,0.0032625677215780305,0.006525135443156061,0.0,25.02406777586475,5.5,1.0,0.005
13620.0,2.3621639185749075,0.32982321339483184,0.0008777082874855945,0.001755416574971189,0.0,2.2904272183073666,5.5,1.0,0.005
13680.0,0.0,0.07929878814895494,0.01021837453681571,0.02043674907363142,0.0,0.09346082499549176,5.5,1.0,0.005
13740.0,2.8776377307364776,0.21962936807723707,0.02795670818529145,0.0559134163705829,0.0,2.7039666398641504,5.5,1.0,0.005
13800.0,2.189859977267033,0.0544374687015435,0.006177880880712606,0.012355761761425213,0.0,1.923406425319107,5.5,1.0,0.005
13860.0,20.05365328279891,0.10449182946909907,0.0014368625527963245,0.002873725105592649,0.0,17.13808734493744,5.5,1.0,0.005
13920.0,0.0,0.17865657680884803,0.007112952254249173,0.014225904508498345,0.0,0.16999611853585622,5.5,1.0,0.005
13980.0,0.0,0.2845883719532914,0.020737843457095576,0.04147568691419115,0.0,0.29478161697589134,5.5,1.0,0.005
14040.0,0.9798743846861515,0.5595338822499248,0.004337657289917186,0.008675314579834371,0.0,1.3195580529849535,5.5,1.0,0.005
14100.0,11.952294902305844,0.4117094630673135,0.010984962385647185,0.02196992477129437,0.0,10.537415364650585,5.5,1.0,0.005
14160.0,3.439358147804955,0.45965222590546245,0.013353518271613598,0.026707036543227196,0.0,3.3482102892464694,5.5,1.0,0.005
14220.0,3.3649569530425762,0.14614650912183283,0.0006527821462007176,0.0013055642924014353,0.0,2.98610253731256,5.5,1.0,0.005
14280.0,17.991467729094644,0.45838453771051635,0.0005269598369076736,0.0010539196738153472,0.0,15.683718174368499,5.5,1.0,0.005
14340.0,6.818970875169086,0.30688424805495185,0.02604017661597403,0.05208035323194806,0.0,6.123379305111166,5.5,1.0,0.005
14400.0,7.918194811342076,0.48213468101393164,0.000683888984417639,0.001367777968835278,0.0,7.142023985412871,5.5,1.0,0.005
14460.0,0.0,0.16308829565626323,0.009036547185242442,0.018073094370484884,0.0,0.16166824663019197,5.5,1.0,0.005
14520.0,0.0,0.3909420688758279,0.0027516894879693232,0.0055033789759386465,0.0,0.3393175667387755,5.5,1.0,0.005
14580.0,7.983464277913348,0.3968926510982896,0.004850468463443709,0.009700936926887418,0.0,7.135672084241673,5.5,1.0,0.005
14640.0,0.0,0.31807597121786657,0.019743651297290336,0.03948730259458067,0.0,0.32071088634327694,5.5,1.0,0.005
14700.0,2.0813309869172794,0.42151951400912996,0.01905666089115412,0.03811332178230824,0.0,2.176017411059891,5.5,1.0,0.005
14760.0,0.0,0.09774267412790245,0.02456558222606227,0.04913116445212454,0.0,0.14572350768517586,5.5,1.0,0.005
14820.0,11.212482524287129,0.27699181536088896,0.0006649527634272333,0.0013299055268544667,0.0,9.767748818247554,5.5,1.0,0.005
14880.0,0.0,0.45798653560152414,0.010214875899335826,0.020429751798671653,0.0,0.41533648880460183,5.5,1.0,0.005
14940.0,27.63252066249568,0.3968723553545509,0.012562112519150903,0.025124225038301806,0.0,23.857017452096528,5.5,1.0,0.005
15000.0,22.292563949263783,0.21493023023354332,0.00541795957114022,0.01083591914228044,0.0,19.145185849479137,5.5,1.0,0.005
15060.0,18.727835603310275,0.28162971618077665,0.026827512237373053,0.053655024474746106,0.0,16.226455677772694,5.5,1.0,0.005
15120.0,2.392004813142369,0.029154786953506498,0.02174049571713436,0.04348099143426872,0.0,2.1134239241601867,5.5,1.0,0.005
15180.0,0.0,0.3482675207556896,0.004870993686869417,0.009741987373738834,0.0,0.3084484265438532,5.5,1.0,0.005
15240.0,16.23697474920395,0.015823472446093247,0.017873049020258415,0.03574609804051683,0.0,13.860454763404196,5.5,1.0,0.005
15300.0,0.0,0.1915227874539476,0.02534749896175137,0.05069499792350274,0.0,0.2274304916883214,5.5,1.0,0.005
15360.0,0.8278942117469704,0.4800958962469408,0.015794958623664614,0.03158991724732923,0.0,1.1520687362851694,5.5,1.0,0.005
15420.0,19.664448499281487,0.21553106543023212,0.004344572282450268,0.008689144564900535,0.0,16.90906128932521,5.5,1.0,0.005
15480.0,3.9150012797875045,0.14563886009520707,0.004824577958634943,0.009649155917269886,0.0,3.4638467926948238,5.5,1.0,0.005
15540.0,0.0,0.4085937452798638,0.009086511195549435,0.01817302239109887,0.0,0.37047528703653526,5.5,1.0,0.005
15600.0,4.420122163848573,0.13804555845043145,0.0039258842068289465,0.007851768413657893,0.0,3.8844535686815678,5.5,1.0,0.005
15660.0,7.414598225184197,0.5404816563344401,0.00791399812661615,0.0158279962532323,0.0,6.781998594513713,5.5,1.0,0.005
15720.0,0.0,0.49638009658168003,0.008571474497920208,0.017142948995840415,0.0,0.44378034206412453,5.5,1.0,0.005
15780.0,4.697999754113568,0.5589291954976902,0.01665178841031099,0.03330357682062198,0.0,4.510851667615862,5.5,1.0,0.005
15840.0,3.4498654171334375,0.42009667973007847,0.011176078774465427,0.022352157548930853,0.0,3.3179667832088753,5.5,1.0,0.005
15900.0,0.0,0.5584286692217734,0.01871557701926091,0.03743115403852182,0.0,0.5223890902376227,5.5,1.0,0.005
15960.0,0.0,0.20716525297710872,0.030794080366932982,0.061588160733865964,0.0,0.25461536996622147,5.5,1.0,0.005
16020.0,20.610382941717177,0.47602435616505323,0.0007910913697155549,0.0015821827394311098,0.0,17.92546348619267,5.5,1.0,0.005
16080.0,19.040450870328623,0.15129626041320327,0.008007322244022893,0.016014644488045786,0.0,16.333403732852812,5.5,1.0,0.005
16140.0,0.0,0.4939165762163286,0.006363966800369418,0.012727933600738836,0.0,0.4360572051248213,5.5,1.0,0.005
16200.0,20.33909244191171,0.32530309314056494,0.022312317020629455,0.04462463404125891,0.0,17.621632613197036,5.5,1.0,0.005
16260.0,0.0,0.518963285424441,0.009925192065164776,0.01985038413032955,0.0,0.466428032376945,5.5,1.0,0.005
16320.0,0.0,0.4256748638429038,0.003123526477184144,0.006247052954368288,0.0,0.36978862678328783,5.5,1.0,0.005
16380.0,15.164192314112809,0.03165612600042613,0.00922325784814545,0.0184465156962909,0.0,12.93999048160902,5.5,1.0,0.005
16440.0,10.394910109686453,0.021202686901634512,0.034321175151719244,0.06864235030343849,0.0,8.941214873736758,5.5,1.0,0.005
16500.0,10.7931357323637,0.5481712137283216,0.01616818618932749,0.03233637237865498,0.0,9.681339778961004,5.5,1.0,0.005
16560.0,0.0,0.5728068176115927,0.0011108151276079947,0.0022216302552159894,0.0,0.48971837354525416,5.5,1.0,0.005
16620.0,0.596815937294325,0.12629441668706543,0.01828142272673343,0.03656284545346686,0.0,0.6612614288373521,5.5,1.0,0.005
16680.0,4.154544368492715,0.5765849243458054,0.01517554921775604,0.03035109843551208,0.0,4.06015754941802,5.5,1.0,0.005
16740.0,9.48399871280828,0.030164319724276006,0.0005536021923482591,0.0011072043846965182,0.0,8.08845026324316,5.5,1.0,0.005
16800.0,3.965111017440549,0.3780770604110418,0.0005087760170368899,0.0010175520340737797,0.0,3.693007245017296,5.5,1.0,0.005
16860.0,16.761194281506835,0.047419122837813694,0.028849311704859718,0.057698623409719436,0.0,14.360887138540344,5.5,1.0,0.005
16920.0,0.7124537078683687,0.3284094229608222,0.033757306797604726,0.06751461359520945,0.0,0.9708147935387043,5.5,1.0,0.005
16980.0,12.485113704533775,0.527726213101465,0.002057994870364347,0.004115989740728694,0.0,11.066161816909384,5.5,1.0,0.005
17040.0,6.895441281845426,0.5166872162758103,0.0012581816754541086,0.002516363350908217,0.0,6.303517586675459,5.5,1.0,0.005
17100.0,9.011360739771694,0.36602582325446725,0.03066909410062457,0.06133818820124914,0.0,8.048984768528829,5.5,1.0,0.005
17160.0,1.3771493790923006,0.29552069875374076,0.03379579348598486,0.06759158697196972,0.0,1.5079488395583964,5.5,1.0,0.005
17220.0,22.807952545104737,0.127467098612603,0.0024277513937946684,0.004855502787589337,0.0,19.501297463213913,5.5,1.0,0.005
17280.0,10.770359577804271,0.41818344275512276,0.008841800470157373,0.017683600940314747,0.0,9.532808158674385,5.5,1.0,0.005
17340.0,0.9253865797062426,0.37963286693413084,0.014832764261078919,0.029665528522157838,0.0,1.1470900785100686,5.5,1.0,0.005
17400.0,11.619692319898418,0.1527091378908307,0.008161970667987961,0.016323941335975922,0.0,10.02735426432423,5.5,1.0,0.005
17460.0,6.113873760377836,0.2497283740052253,0.02603529039566569,0.05207058079133138,0.0,5.47545180473455,5.5,1.0,0.005
17520.0,11.188197661407331,0.21811031537635156,0.009611475252976212,0.019222950505952425,0.0,9.71987104216122,5.5,1.0,0.005
17580.0,23.13844872563609,0.39448427407567943,0.01524247605979914,0.03048495211959828,0.0,20.04186136370749,5.5,1.0,0.005
17640.0,0.0,0.11676015961315268,0.008591099430985244,0.017182198861970487,0.0,0.12115343922019214,5.5,1.0,0.005
17700.0,21.941914315412763,0.3794170904860712,0.029437812114832408,0.058875624229664816,0.0,19.048198115906832,5.5,1.0,0.005
17760.0,0.0,0.29349775884087453,0.018866366727891666,0.03773273345578333,0.0,0.2975823301708671,5.5,1.0,0.005
17820.0,4.708557037812544,0.5074086456794134,0.01605547187075154,0.03211094374150308,0.0,4.47451228423858,5.5,1.0,0.005
17880.0,12.558416562792573,0.4325638300078407,0.00036178537804481143,0.0007235707560896229,0.0,11.043255886594366,5.5,1.0,0.005
17940.0,3.8476856154829044,0.11156569771721835,0.02396897204326153,0.04793794408652306,0.0,3.4264844949304214,5.5,1.0,0.005
18000.0,0.0,0.3388655437630651,0.00867487152697103,0.01734974305394206,0.0,0.31015663459238146,5.5,1.0,0.005
18060.0,1.829471281229555,0.08119811794455963,0.009857019612227489,0.019714039224454978,0.0,1.6492043893091775,5.5,1.0,0.005
18120.0,10.890085049197003,0.007846731143917233,0.0022840144478149848,0.0045680288956299695,0.0,9.26906625013171,5.5,1.0,0.005
18180.0,14.373158898801426,0.44953962899200817,0.0030802935473684514,0.006160587094736903,0.0,12.607148497170208,5.5,1.0,0.005
18240.0,0.0,0.25075278317649285,0.012630577403934539,0.025261154807869078,0.0,0.24534783808005198,5.5,1.0,0.005
18300.0,6.137430350089419,0.4446924844335806,0.01010935916794423,0.02021871833588846,0.0,5.620583275222807,5.5,1.0,0.005
18360.0,0.0,0.0974908341937918,0.003126365112658849,0.006252730225317698,0.0,0.09083944010200308,5.5,1.0,0.005
18420.0,15.78789939225828,0.06776890347597224,0.024551021910847536,0.04910204382169507,0.0,13.539923157246776,5.5,1.0,0.005
18480.0,0.0,0.06732086680215218,0.013726250312125479,0.027452500624250958,0.0,0.09222467507774933,5.5,1.0,0.005
18540.0,0.0,0.3322410401143826,0.03182078457430194,0.06364156914860387,0.0,0.36354788476169514,5.5,1.0,0.005
18600.0,0.5815299051213325,0.5415783151980688,0.003914467895589211,0.007828935791178422,0.0,0.9646238804052435,5.5,1.0,0.005
18660.0,0.9110844599928263,0.21393241836462418,0.0008815434714884266,0.0017630869429768531,0.0,0.9585122824561282,5.5,1.0,0.005
18720.0,4.145738718981373,0.11593801384818073,0.024690755674417992,0.049381511348835984,0.0,3.685386649874886,5.5,1.0,0.005
18780.0,0.6034723249304749,0.30376714062004956,0.007250639822679649,0.014501279645359298,0.0,0.7896426772657789,5.5,1.0,0.005
18840.0,24.44520038587603,0.2537957919401323,0.023988942074410158,0.047977884148820316,0.0,21.055318553433484,5.5,1.0,0.005
18900.0,0.0,0.01023211638969927,0.018191713971841893,0.03638342794368379,0.0,0.055086169559441206,5.5,1.0,0.005
18960.0,5.324758025470144,0.2649241221057427,0.011735225250725506,0.023470450501451013,0.0,4.781154649828854,5.5,1.0,0.005
19020.0,0.0,0.018290189276695602,0.021622895932546418,0.043245791865092836,0.0,0.07068504551318464,5.5,1.0,0.005
19080.0,0.0,0.4106133811106173,0.02133918432038274,0.04267836864076548,0.0,0.40343629396100067,5.5,1.0,0.005
19140.0,30.116589540096157,0.4234680177079852,0.00640920918900193,0.01281841837800386,0.0,25.975392407565476,5.5,1.0,0.005
19200.0,0.0,0.319476379416042,0.018420133750319225,0.03684026750063845,0.0,0.3185262635669497,5.5,1.0,0.005
19260.0,0.0,0.08847278665241247,0.0007546707487721098,0.0015093414975442196,0.0,0.07712627906391949,5.5,1.0,0.005
19320.0,8.275833016513184,0.1844304404355062,0.015946086895635918,0.031892173791271836,0.0,7.231886459990258,5.5,1.0,0.005
19380.0,0.7972720618340617,0.2293338769853353,0.008164162738048732,0.016328325476097465,0.0,0.8934336629785118,5.5,1.0,0.005
19440.0,27.947225819542588,0.47339554629498876,0.03364471188726655,0.0672894237745331,0.0,24.243322176274468,5.5,1.0,0.005
19500.0,7.902578123871828,0.18295334933755977,0.013574956912396638,0.027149913824793277,0.0,6.907317892354591,5.5,1.0,0.005
19560.0,0.0,0.14233971925575772,0.0030711147097609052,0.0061422294195218104,0.0,0.12882010387728438,5.5,1.0,0.005
19620.0,14.189545719596962,0.5848651681996659,0.0016805090952265432,0.0033610181904530864,0.0,12.562534552819962,5.5,1.0,0.005
19680.0,4.62937269236859,0.35627303197535576,0.022383368462792423,0.044766736925584846,0.0,4.294876455272474,5.5,1.0,0.005
19740.0,0.0,0.471526224561213,0.004916813797384604,0.009833627594769207,0.0,0.4133351660603618,5.5,1.0,0.005
19800.0,0.0,0.4436783053763783,0.006379357947020405,0.01275871589404081,0.0,0.39339392233482356,5.5,1.0,0.005
19860.0,2.104492086239201,0.12087481680221407,0.01414977733926948,0.02829955467853896,0.0,1.9276437998003402,5.5,1.0,0.005
19920.0,0.5455958866029293,0.20801660882982773,0.0021591901602860154,0.004318380320572031,0.0,0.6460765560265729,5.5,1.0,0.005
19980.0,10.638923686965084,0.25797003189140433,0.030874023071260377,0.06174804614252075,0.0,9.341088419859728,5.5,1.0,0.005
20040.0,4.859695604313805,0.06189601586117085,0.028682244138121024,0.05736448827624205,0.0,4.256492599700938,5.5,1.0,0.005
20100.0,5.914826985263663,0.058501797154511474,0.0007019022287624372,0.0014038044575248744,0.0,5.079119315738793,5.5,1.0,0.005
20160.0,1.4962010328843558,0.45413677284262394,0.0027104241397327366,0.005420848279465473,0.0,1.6646987164242513,5.5,1.0,0.005
20220.0,0.0,0.4538069838095092,0.0073636140540566195,0.014727228108113239,0.0,0.40451315207592714,5.5,1.0,0.005
20280.0,15.98023589589901,0.48883059899278425,0.025288863725813043,0.05057772745162609,0.0,14.063193123158847,5.5,1.0,0.005
20340.0,6.430627379755002,0.05721516481090123,0.021155890877203085,0.04231178175440617,0.0,5.568613684617885,5.5,1.0,0.005
20400.0,0.0,0.09256563879350417,0.010199238218956564,0.020398476437913128,0.0,0.10468885043281777,5.5,1.0,0.005
20460.0,1.6475317482539036,0.10122814082888752,0.03126761759436453,0.06253523518872905,0.0,1.566178330586002,5.5,1.0,0.005
20520.0,10.438420922278059,0.0949715742946709,0.008344935439236515,0.01668987087847303,0.0,8.974663207456874,5.5,1.0,0.005
20580.0,22.231471008531283,0.5667965091905008,0.00046212558782990056,0.0009242511756598011,0.0,19.379705810312483,5.5,1.0,0.005
20640.0,26.05324854163966,0.4552632577534163,0.0016243849168199507,0.0032487698336399013,0.0,22.536377211022003,5.5,1.0,0.005
20700.0,22.4306703852304,0.5641890965956854,0.003830475026968341,0.007660950053936682,0.0,19.555398270870942,5.5,1.0,0.005
20760.0,0.0,0.1654539394832019,0.03178664239879726,0.06357328479759453,0.0,0.22169178667765466,5.5,1.0,0.005
20820.0,0.0,0.21047327548263925,0.014391538915536009,0.028783077831072017,0.0,0.21560070839486017,5.5,1.0,0.005
20880.0,11.805770378635222,0.2834211178969968,0.033669450781730635,0.06733890156346127,0.0,10.361669871545798,5.5,1.0,0.005
20940.0,0.0,0.192528859310297,0.016648994320061984,0.03329798864012397,0.0,0.20610446592991052,5.5,1.0,0.005
21000.0,26.93104141966917,0.3196015840462531,0.01848621134313111,0.03697242268626222,0.0,23.210186392083095,5.5,1.0,0.005
21060.0,23.66936127780248,0.2944174754539243,0.011126718414866937,0.022253436829733873,0.0,20.39758507222585,5.5,1.0,0.005
21120.0,1.610560165645927,0.5367248537201365,0.0025161149746193187,0.005032229949238637,0.0,1.831608359646433,5.5,1.0,0.005
21180.0,5.453037865427306,0.5008346007062905,0.019422915575284857,0.038845831150569714,0.0,5.1103200309305326,5.5,1.0,0.005
21240.0,26.91045664042061,0.2968703068367108,0.0254408009986596,0.0508816019973192,0.0,23.1911019477153,5.5,1.0,0.005
21300.0,8.460930577156827,0.029459888236481515,0.03389853696974556,0.06779707393949112,0.0,7.3032731648571625,5.5,1.0,0.005
21360.0,22.745339490750226,0.4152066244106353,0.028811852500449292,0.057623705000898584,0.0,19.75993442176288,5.5,1.0,0.005
21420.0,4.481851527498199,0.2535291875319703,0.023015522819090733,0.046031045638181466,0.0,4.0837631909643255,5.5,1.0,0.005
21480.0,0.5453793520509737,0.5129135430411601,0.0025128498026246596,0.005025699605249319,0.0,0.9059567278250065,5.5,1.0,0.005
21540.0,9.203977065001613,0.5183571498848887,0.0012463107636329885,0.002492621527265977,0.0,8.26716217510079,5.5,1.0,0.005
21600.0,30.381655003959523,0.22457398331835512,0.0011100754710514074,0.0022201509421028148,0.0,26.018125331637375,5.5,1.0,0.005
21660.0,3.4402233449754243,0.35272495280529614,0.011537066097646893,0.023074132195293785,0.04999999999999982,3.295925571662612,5.5,1.0,0.005
21720.0,28.79537248085226,0.5335755681973253,0.0004749737445289841,0.0009499474890579682,0.09999999999999964,25.015817024740695,5.5,1.0,0.005
21780.0,20.858290319280652,0.23509475206038122,0.0021233170332852895,0.004246634066570579,0.14999999999999947,18.062291769074754,5.5,1.0,0.005
21840.0,19.189518191990587,0.23376874688703647,0.0016657585673017096,0.003331517134603419,0.1999999999999993,16.6840415823926,5.5,1.0,0.005
21900.0,22.689513313906822,0.5080877833347235,0.024070903350977738,0.048141806701955475,0.2499999999999991,19.991841736200307,5.5,1.0,0.005
21960.0,2.1169013943648425,0.36826401765465855,0.012108153011380574,0.024216306022761147,0.29999999999999893,2.398266390395595,5.5,1.0,0.005
22020.0,0.0,0.33624937127412724,0.002338037088678345,0.00467607417735669,0.34999999999999876,0.5892739601591369,5.5,1.0,0.005
22080.0,7.182627475371642,0.4625479406087124,0.00827698177630263,0.01655396355260526,0.4000000000000006,6.859505407112873,5.5,1.0,0.005
22140.0,7.635531295129948,0.005063777511417824,0.0015594164403776643,0.0031188328807553287,0.4500000000000004,6.880982323668125,5.5,1.0,0.005
22200.0,0.9567339029682798,0.5689498505598967,0.03397841135965811,0.06795682271931622,0.5000000000000002,1.808476139466078,5.5,1.0,0.005
22260.0,5.447164503039327,0.2548973067490653,0.03193238264775383,0.06386476529550766,0.55,5.395680114071905,5.5,1.0,0.005
22320.0,0.0,0.5421137827605071,0.024240146852992542,0.048480293705985084,0.6,1.032609089821562,5.5,1.0,0.005
22380.0,30.589272165522402,0.5824920247780466,0.010530310556381348,0.021060621112762697,0.6499999999999997,27.075351853674153,5.5,1.0,0.005
22440.0,7.857076279000201,0.0035216838465999332,0.015347920307792438,0.030695840615584877,0.6999999999999995,7.315645465204651,5.5,1.0,0.005
22500.0,28.81439893890228,0.17363450858981908,0.0015502427676388532,0.0031004855352777063,0.7499999999999993,25.281281549425763,5.5,1.0,0.005
22560.0,5.628451236701475,0.12554948387103249,0.003364371339235733,0.006728742678471466,0.7999999999999992,5.579479759401682,5.5,1.0,0.005
22620.0,0.0,0.21811879725382233,0.025175743934760405,0.05035148786952081,0.849999999999999,0.9720991246993871,5.5,1.0,0.005
22680.0,1.8819598657912742,0.2921650339068638,0.013406141302382749,0.026812282604765498,0.8999999999999988,2.6471918250644926,5.5,1.0,0.005
22740.0,11.046216915244978,0.5347896572901102,0.016623550034495307,0.033247100068990613,0.9499999999999986,10.693745639242787,5.5,1.0,0.005
22800.0,7.667027782956366,0.271795934874388,0.03127292591440444,0.06254585182880888,0.9999999999999984,7.67774612123787,5.5,1.0,0.005
22860.0,0.0,0.07882495937739208,0.019261195161408146,0.03852239032281629,1.0499999999999983,1.0086172631323727,5.5,1.0,0.005
22920.0,5.9371457657854805,0.12842102995308854,0.01631572137144163,0.03263144274288326,1.099999999999998,6.132336865874958,5.5,1.0,0.005
22980.0,14.587608166766588,0.17429950880869596,0.000910757461397699,0.001821514922795398,1.150000000000002,13.527443955765557,5.5,1.0,0.005
23040.0,13.58509961557344,0.21841055707096005,0.021649800554056624,0.04329960110811325,1.2000000000000015,12.808190638160587,5.5,1.0,0.005
23100.0,27.696395761365928,0.5720134512478801,0.028673920675726324,0.05734784135145265,1.2500000000000016,25.16376632844484,5.5,1.0,0.005
23160.0,26.68728524079627,0.24622418199196533,0.0006058043170243806,0.0012116086340487613,1.3000000000000014,24.000027810378413,5.5,1.0,0.005
23220.0,1.872899093239067,0.017140451125702876,0.006449711024110039,0.012899422048220078,1.3500000000000012,2.770480375821536,5.5,1.0,0.005
23280.0,0.9402947411658733,0.00161682785322523,0.0049883615507538255,0.009976723101507651,1.4000000000000008,2.0033451556206567,5.5,1.0,0.005
23340.0,0.5185231678610864,0.4307308468170965,0.02606488760289585,0.0521297752057917,1.4500000000000008,2.1058313758638407,5.5,1.0,0.005
23400.0,1.7149017831214481,0.4471978761628261,0.007481681048904343,0.014963362097808686,1.5000000000000007,3.1318629970663396,5.5,1.0,0.005
23460.0,0.0,0.5800968323962924,0.019747014212098124,0.03949402842419625,1.5500000000000005,1.8609371937776993,5.5,1.0,0.005
23520.0,10.92768359978381,0.2238478125662571,0.010651769158632926,0.021303538317265853,1.6000000000000003,10.865963711852071,5.5,1.0,0.005
23580.0,0.0,0.4738928152510469,0.0036681624119451325,0.007336324823890265,1.6500000000000001,1.81466270711385,5.5,1.0,0.005
23640.0,11.156876615306103,0.07277553097624306,0.0018578854296228734,0.003715770859245747,1.7,10.994941932185531,5.5,1.0,0.005
23700.0,28.619565668388454,0.47394511007511425,0.030792918507982044,0.06158583701596409,1.7499999999999998,26.295506103889387,5.5,1.0,0.005
23760.0,0.0,0.5132377468577988,0.032412339019042384,0.06482467803808477,1.7999999999999996,2.048903549327687,5.5,1.0,0.005
23820.0,4.8393301812718885,0.1992587860873862,0.021585882011569045,0.04317176402313809,1.8499999999999994,5.910344621384883,5.5,1.0,0.005
23880.0,11.94013324966736,0.13667276594514222,0.017874982703036762,0.035749965406073524,1.9000000000000015,11.925866319163372,5.5,1.0,0.005
23940.0,1.3521627461042511,0.34734400027042983,0.012102427866190228,0.024204855732380456,1.9500000000000013,3.132941925477265,5.5,1.0,0.005
24000.0,22.66213179731863,0.436505321791323,0.02358808305159438,0.04717616610318876,2.000000000000001,21.393991163025024,5.5,1.0,0.005
24060.0,0.0,0.2565081242288389,0.02400060435858894,0.04800120871717788,2.0500000000000007,2.0217334467089154,5.5,1.0,0.005
24120.0,0.0,0.4287611240829565,0.001595760868107382,0.003191521736214764,2.100000000000001,2.1535161456841876,5.5,1.0,0.005
24180.0,4.743126900696228,0.12476343949985616,0.033754255322193755,0.06750851064438751,2.1500000000000004,6.051280140238266,5.5,1.0,0.005
24240.0,0.0,0.2562139676302627,0.03409605218206841,0.06819210436413682,2.2,2.174726805549998,5.5,1.0,0.005
24300.0,29.241963666791232,0.02209143053340858,0.0016988416744439033,0.0033976833488878065,2.25,26.791278878995772,5.5,1.0,0.005
24360.0,16.336200313895564,0.23684684549343965,0.004214514140598725,0.00842902828119745,2.3000000000000003,16.052837096539182,5.5,1.0,0.005
24420.0,1.5700063015545176,0.21818378225338939,0.0022100141768360932,0.0044200283536721865,2.35,3.523097107387653,5.5,1.0,0.005
24480.0,2.4231529319968534,0.5345301953072594,0.00330201359906368,0.00660402719812736,2.4,4.562450792886108,5.5,1.0,0.005
24540.0,8.523580864910928,0.551304014134592,0.003323114980868978,0.006646229961737956,2.4499999999999997,9.804626090389908,5.5,1.0,0.005
24600.0,3.134684837145662,0.26562658508774223,0.017670614862155706,0.03534122972431141,2.499999999999999,5.0603247767968895,5.5,1.0,0.005
24660.0,1.6537028989799218,0.406126912233152,0.03363795428960753,0.06727590857921506,2.549999999999999,4.004132122969611,5.5,1.0,0.005
24720.0,26.704452145470455,0.26191159294289373,0.013654190896117784,0.02730838179223557,2.5999999999999988,25.166227364436445,5.5,1.0,0.005
24780.0,29.411584057199917,0.1696087172144178,0.00746787673342694,0.01493575346685388,2.650000000000001,27.415556943922418,5.5,1.0,0.005
24840.0,1.6051009666480873,0.510862738204803,0.0005266869092497684,0.0010533738184995368,2.7000000000000006,4.094912200743544,5.5,1.0,0.005
24900.0,18.041059460382588,0.44800501391950887,0.018991735744079717,0.037983471488159434,2.7500000000000004,18.101633729304186,5.5,1.0,0.005
24960.0,8.088397733266763,0.5628252377658203,0.0011481556433096775,0.002296311286619355,2.8000000000000003,9.736467322268135,5.5,1.0,0.005
25020.0,29.170339515034513,0.07852730313527741,0.0033488862437999942,0.0066977724875999884,2.8499999999999996,27.292576455366007,5.5,1.0,0.005
25080.0,4.77082148359768,0.2707694225739932,0.002719463490817594,0.005438926981635188,2.9,6.757286902147506,5.5,1.0,0.005
25140.0,0.0,0.4262288863718666,0.0016138191562313962,0.0032276383124627923,2.9499999999999993,2.873909792264476,5.5,1.0,0.005
25200.0,0.0,0.15311627624723387,0.00641442344421889,0.01282884688843778,2.9999999999999996,2.6965056145929065,5.5,1.0,0.005
25260.0,11.942584857921277,0.3435804321206148,0.003541113405080966,0.007082226810161932,3.049999999999999,13.044770335718564,5.5,1.0,0.005
25320.0,7.968513824024585,0.10449551750200531,0.026224420930067657,0.05244884186013531,3.099999999999999,9.563930213669273,5.5,1.0,0.005
25380.0,7.117394878201654,0.07694330050807323,0.025088076991484642,0.050176153982969283,3.149999999999999,8.856662048231552,5.5,1.0,0.005
25440.0,15.991101076573797,0.34251259283003216,0.012049482005057167,0.024098964010114333,3.199999999999999,16.63429779810615,5.5,1.0,0.005
25500.0,26.30712450548611,0.562749299923795,0.0112349846759386,0.0224699693518772,3.2499999999999982,25.63054194552206,5.5,1.0,0.005
25560.0,3.148311693173546,0.379329772214044,0.002926206989781599,0.005852413979563198,3.2999999999999985,5.810957073403394,5.5,1.0,0.005
25620.0,21.733176546997356,0.5647310843664882,0.00246627895717794,0.00493255791435588,3.349999999999998,21.80701049800007,5.5,1.0,0.005
25680.0,0.0,0.3692653904474819,0.019613908063222992,0.039227816126445984,3.4000000000000017,3.2538910474415794,5.5,1.0,0.005
25740.0,0.0,0.10880561506231579,0.0050433325521754245,0.010086665104350849,3.450000000000002,3.0378452708110175,5.5,1.0,0.005
25800.0,2.438836294283433,0.34757428484330866,0.0018209330916246925,0.003641866183249385,3.500000000000002,5.348092371641376,5.5,1.0,0.005
25860.0,16.279750525904856,0.38880515622015177,0.011951489820241051,0.023902979640482103,3.550000000000001,17.21624862884787,5.5,1.0,0.005
25920.0,0.0,0.1309988093158973,0.023866335359867298,0.047732670719734596,3.600000000000001,3.232208143086175,5.5,1.0,0.005
25980.0,10.298704222848372,0.19345540369617892,0.005711256279235949,0.011422512558471898,3.6500000000000012,12.035399386074921,5.5,1.0,0.005
26040.0,15.616889360245638,0.44883917160622355,0.02469191688993629,0.04938383377987258,3.7000000000000006,16.86383364014342,5.5,1.0,0.005
26100.0,0.0,0.08123364033530145,0.019010026769814663,0.038020053539629325,3.750000000000001,3.305024162548034,5.5,1.0,0.005
26160.0,2.3068423298055896,0.49591811796524543,0.003255588513310826,0.006511177026621652,3.8000000000000003,5.620648131314152,5.5,1.0,0.005
26220.0,0.0,0.4449314055955656,0.011957487396988313,0.023914974793976626,3.8500000000000005,3.681183287618551,5.5,1.0,0.005
26280.0,0.0,0.3713739376832275,0.0023398571244434333,0.004679714248886867,3.900000000000001,3.636634482698075,5.5,1.0,0.005
26340.0,2.6913228778456855,0.20844606248974085,0.020311342752275776,0.04062268550455155,3.9499999999999997,5.874097523303416,5.5,1.0,0.005
26400.0,14.644023424178375,0.3570137702534485,0.0003920359543927647,0.0007840719087855294,3.9999999999999996,16.15188130695075,5.5,1.0,0.005
26460.0,12.244641123266348,0.25115058367788684,0.023573703869556904,0.04714740773911381,4.05,14.12403589576997,5.5,1.0,0.005
26520.0,0.0,0.026560566796005564,0.008120090688483763,0.016240181376967526,4.1,3.528282713032238,5.5,1.0,0.005
26580.0,17.12165693148114,0.22223043236121012,0.031149301894843447,0.06229860378968689,4.150000000000001,18.34923497909785,5.5,1.0,0.005
26640.0,24.261061797591324,0.5053435893585384,0.010105887823680005,0.02021177564736001,4.200000000000002,24.64721459285777,5.5,1.0,0.005
26700.0,17.153480170410077,0.3780781440666067,0.02903899560754153,0.05807799121508306,4.250000000000001,18.588374006104413,5.5,1.0,0.005
26760.0,17.93916265249144,0.32354671470907853,0.03126205671829432,0.06252411343658865,4.300000000000001,19.25802120675209,5.5,1.0,0.005
26820.0,28.528635136157618,0.11354443293068317,0.016697707287128216,0.03339541457425643,4.3500000000000005,28.085931787307235,5.5,1.0,0.005
26880.0,23.162847747106902,0.47411493624384504,0.014588073930960607,0.029176147861921214,4.4,23.868617869372084,5.5,1.0,0.005
26940.0,0.0,0.25460996209540765,0.005901099413608958,0.011802198827217916,4.45,4.0139662712858,5.5,1.0,0.005
27000.0,11.210615162432852,0.313426379041486,0.014431625061859807,0.028863250123719614,4.5,13.657235954160932,5.5,1.0,0.005
27060.0,21.661466869217133,0.2808496608083211,0.017241305562850463,0.034482611125700925,4.55,22.562434379706904,5.5,1.0,0.005
27120.0,7.405125307484313,0.30683404032810346,0.0018234579091183179,0.0036469158182366357,4.6000000000000005,10.469815263308806,5.5,1.0,0.005
27180.0,13.437424092315096,0.19654946426668982,0.009572786449118924,0.01914557289823785,4.6499999999999995,15.565788128539772,5.5,1.0,0.005
27240.0,3.8641550142880585,0.4789477242729987,0.005840549888652906,0.011681099777305812,4.7,7.701530729992963,5.5,1.0,0.005
27300.0,0.0,0.048635758537859036,0.0328008095605562,0.0656016191211124,4.749999999999999,4.162482459136597,5.5,1.0,0.005
27360.0,0.6430277721550243,5.2536555004476425e-05,0.0033743194874757154,0.006748638974951431,4.8,4.635222777096588,5.5,1.0,0.005
27420.0,21.992372079152613,0.2941713618079594,0.028015908958188715,0.05603181791637743,4.85,23.137502492659866,5.5,1.0,0.005
27480.0,5.7343717304281006,0.3600805373576907,0.020929239987410586,0.04185847997482117,4.9,9.398653989585819,5.5,1.0,0.005
27540.0,0.0,0.4125368070916195,0.002474833569565235,0.00494966713913047,4.95,4.564467111630267,5.5,1.0,0.005
27600.0,18.231310879273302,0.34469971693537055,0.015111246593898895,0.03022249318779779,5.0,20.078142685591814,5.5,1.0,0.005
27660.0,21.946476724209514,0.016194373102038376,0.032468337480234644,0.06493667496046929,5.05,23.04356469328942,5.5,1.0,0.005
27720.0,5.050890099452597,0.35464717901567455,0.011311635707908508,0.022623271415817017,5.1,8.958551357753198,5.5,1.0,0.005
27780.0,4.509981133871915,0.3811965243433222,0.0008883588433630627,0.0017767176867261253,5.1499999999999995,8.537266324533526,5.5,1.0,0.005
27840.0,24.13939660443772,0.47283706306076334,0.02787850254187551,0.05575700508375102,5.199999999999999,25.41148879885549,5.5,1.0,0.005
27900.0,2.950016249824547,0.5257160401545322,0.011145471966219138,0.022290943932438276,5.249999999999999,7.445293399996075,5.5,1.0,0.005
27960.0,1.9858014729466542,0.07135844583148584,0.00627741290822021,0.01255482581644042,5.3,6.26959333387738,5.5,1.0,0.005
28020.0,0.6623744113662069,0.33301611274737836,0.0026524547929007306,0.005304909585801461,5.349999999999999,5.400345705218443,5.5,1.0,0.005
28080.0,20.697604156694787,0.290524064979892,0.0006670763177382833,0.0013341526354765667,5.3999999999999995,22.431610033033706,5.5,1.0,0.005
28140.0,3.8293636961274453,0.08437936596541558,0.01258914167079952,0.02517828334159904,5.449999999999998,7.991283914039468,5.5,1.0,0.005
28200.0,4.159660617621741,0.22432690780995415,0.02042824679485201,0.04085649358970402,5.499999999999999,8.453481425943812,5.5,1.0,0.005
28260.0,11.49573410409954,0.5044751738301488,0.018787714948891854,0.03757542989778371,5.549999999999999,14.965586559359911,5.5,1.0,0.005
28320.0,3.113578225620898,0.1773432457785973,0.003622881220233503,0.007245762440467006,5.599999999999999,7.566521597801165,5.5,1.0,0.005
28380.0,12.033429396749064,0.0679588773228306,0.000605859714955616,0.001211719429911232,5.650000000000002,15.090224975234248,5.5,1.0,0.005
28440.0,0.0,0.09768963800290228,0.010313302574228168,0.020626605148456337,5.700000000000001,4.954335113866749,5.5,1.0,0.005
28500.0,14.440309276003997,0.12365345036836457,0.024317316497086006,0.04863463299417201,5.750000000000002,17.328877474484077,5.5,1.0,0.005
28560.0,6.387291507084904,0.5066550448603768,0.017706155984518045,0.03541231196903609,5.800000000000001,10.835005266914012,5.5,1.0,0.005
28620.0,1.4985093527977673,0.47112441539856037,0.02177434060855803,0.04354868121711606,5.850000000000001,6.702213271518702,5.5,1.0,0.005
28680.0,0.0,0.39349589199362783,0.021849705481648326,0.04369941096329665,5.900000000000001,5.405188257172788,5.5,1.0,0.005
28740.0,14.082591834011458,0.269854022321111,0.022378000583616792,0.044756001167233585,5.950000000000001,17.314142879370905,5.5,1.0,0.005
28800.0,1.8605873065134273,0.26893720151622663,0.025083677049241325,0.05016735409848265,6.0,6.974059208300771,5.5,1.0,0.005
28860.0,12.45722317309565,0.46775599179442345,0.02903429480424542,0.05806858960849084,6.0500000000000025,16.20276974190739,5.5,1.0,0.005
28920.0,5.859268139159162,0.5191967474540135,0.01992351080872385,0.0398470216174477,6.1000000000000005,10.657500106183443,5.5,1.0,0.005
28980.0,0.0,0.09646422477937201,0.0032463072789508975,0.006492614557901795,6.150000000000002,5.317772674623793,5.5,1.0,0.005
29040.0,0.0,0.3905667168643169,0.016164696457318533,0.032329392914637066,6.200000000000001,5.643201685300832,5.5,1.0,0.005
29100.0,19.093440851053863,0.25972139145935724,0.004500303431403411,0.009000606862806822,6.250000000000002,21.774163679886318,5.5,1.0,0.005
29160.0,24.494083859205684,0.20248246453953103,0.0031462103389641376,0.006292420677928275,6.3,26.355104211547793,5.5,1.0,0.005
29220.0,7.315942843268045,0.32229232090276067,0.01542269236510358,0.03084538473020716,6.350000000000001,11.929327755076201,5.5,1.0,0.005
29280.0,20.248588623022584,0.1034988106182268,0.017474239773852786,0.03494847954770557,6.399999999999999,22.783833630018012,5.5,1.0,0.005
29340.0,17.389607207068128,0.02483987878670357,0.0014571068700963631,0.0029142137401927263,6.45,20.288495645495352,5.5,1.0,0.005
29400.0,10.022611518124565,0.2632265704116959,0.004405571648893937,0.008811143297787875,6.499999999999999,14.2791965829605,5.5,1.0,0.005
29460.0,0.6899417783772742,0.3257736189452301,0.002345502843035521,0.004691005686071042,6.550000000000001,6.43683911997387,5.5,1.0,0.005
29520.0,10.414185957384731,0.16307318237041157,0.031782483784556774,0.06356496756911355,6.599999999999998,14.68171560244249,5.5,1.0,0.005
29580.0,17.119959281040245,0.5107500869163328,0.005141293288015414,0.010282586576030829,6.65,20.651713260647533,5.5,1.0,0.005
29640.0,0.0,0.3689305330245407,0.004351017591411327,0.008702035182822653,6.699999999999998,6.019686047928957,5.5,1.0,0.005
29700.0,6.94418897138424,0.5146085567756938,0.007073404750688785,0.01414680950137757,6.75,12.0955150810502,5.5,1.0,0.005
29760.0,0.9240376038526772,0.2038776955738462,0.018361402742279532,0.036722805484559064,6.8000000000000025,6.785549581505359,5.5,1.0,0.005
29820.0,15.557507521699346,0.520039790154471,0.0014715773667895895,0.002943154733579179,6.85,19.492167737361058,5.5,1.0,0.005
29880.0,3.559150142864621,0.5611772040520357,0.013708863863682986,0.027417727727365972,6.900000000000001,9.402235847731552,5.5,1.0,0.005
29940.0,13.714123187305832,0.18183966765526421,0.016377568680790808,0.032755137361581615,6.95,17.760831226852947,5.5,1.0,0.005
30000.0,2.1402984262364986,0.03115821811354148,0.018978659917155635,0.03795731983431127,7.000000000000002,7.844133730486283,5.5,1.0,0.005
30060.0,0.0,0.4629786033339287,0.007667961317713344,0.015335922635426689,7.049999999999999,6.4055851141940074,5.5,1.0,0.005
30120.0,27.856800852226613,0.32129439633445,0.022288619819241413,0.04457723963848283,7.100000000000002,30.043216941815974,5.5,1.0,0.005
30180.0,0.8664178180750435,0.3219931251486241,0.0011733734904680055,0.002346746980936011,7.1499999999999995,7.09064140414081,5.5,1.0,0.005
30240.0,2.9452282336836366,0.14758919161660117,0.018888551058631606,0.03777710211726321,7.199999999999999,8.797060616704712,5.5,1.0,0.005
30300.0,0.0,0.3471469922888507,0.00978431614535703,0.01956863229071406,7.249999999999998,6.482524949616182,5.5,1.0,0.005
30360.0,4.350142820373466,0.05374285202112664,0.016102094469964905,0.03220418893992981,7.3,9.989363162433815,5.5,1.0,0.005
30420.0,9.364327971389566,0.002748928252592753,0.027734767820562042,0.055469535641124085,7.349999999999998,14.280239022638266,5.5,1.0,0.005
30480.0,1.6441718942824755,0.2171381927478652,0.0015244643700590785,0.003048928740118157,7.4,7.87600095811944,5.5,1.0,0.005
30540.0,18.890255425105423,0.36318210638345877,0.026478887066135954,0.05295777413227191,7.4499999999999975,22.765443063784193,5.5,1.0,0.005
30600.0,4.468891858954395,0.0033393952169875093,0.007535067402353959,0.015070134804707917,7.499999999999999,10.195610987921677,5.5,1.0,0.005
30660.0,2.1085325041736627,0.19762513923812827,0.0012131348381213445,0.002426269676242689,7.550000000000003,8.380827490737234,5.5,1.0,0.005
30720.0,0.0,0.5535961301571607,0.016186256021575918,0.032372512043151835,7.6,6.971831663488604,5.5,1.0,0.005
30780.0,10.279634354077501,0.19175984478721572,0.033567163004600616,0.06713432600920123,7.650000000000004,15.488781334696743,5.5,1.0,0.005
30840.0,6.64173044844965,0.4818312413064043,0.01406764746127613,0.02813529492255226,7.699999999999998,12.635899937318898,5.5,1.0,0.005
30900.0,21.89608423592947,0.5395253448901881,0.021490180484201853,0.04298036096840371,7.750000000000003,25.712568103931428,5.5,1.0,0.005
30960.0,21.648022315486784,0.07928528712074852,0.006812447670494754,0.013624895340989507,7.799999999999999,25.11558320377616,5.5,1.0,0.005
31020.0,8.841788932920732,0.08081531988522866,0.004108388415222586,0.008216776830445171,7.850000000000001,14.267190005343885,5.5,1.0,0.005
31080.0,16.676552819004794,0.25616585754754095,0.0023172916840624325,0.004634583368124865,7.8999999999999995,21.11371996886384,5.5,1.0,0.005
31140.0,0.0,0.49963359324996154,0.013887302355916611,0.027774604711833222,7.950000000000002,7.217601175270056,5.5,1.0,0.005
31200.0,3.3304084785105976,0.06849926906757381,0.008688808915615739,0.017377617831231477,7.9999999999999964,9.711228048176263,5.5,1.0,0.005
31260.0,20.768971018692294,0.45816945900494593,0.02323188401684162,0.04646376803368324,8.05,24.944810710285598,5.5,1.0,0.005
31320.0,0.0,0.5562726738176099,0.005671428925628865,0.01134285785125773,8.099999999999998,7.37229391650532,5.5,1.0,0.005
31380.0,23.442951067681925,0.33934075352725523,0.03145110554387692,0.06290221108775385,8.15,27.222648367164687,5.5,1.0,0.005
31440.0,1.473098162938386,0.5205544492523142,0.03193253726297977,0.06386507452595953,8.199999999999998,8.746032690382691,5.5,1.0,0.005
31500.0,2.045777741028114,0.3343311597408866,0.01830525541391769,0.03661051082783538,8.250000000000002,9.082270966959141,5.5,1.0,0.005
31560.0,0.0,0.33841224665172354,0.007782517465748054,0.015565034931496108,8.300000000000002,7.362495829191625,5.5,1.0,0.005
31620.0,21.060521107307537,0.4548616913041467,0.009014258461454526,0.018028516922909053,8.35,25.408561737896637,5.5,1.0,0.005
31680.0,0.0,0.3119702864993605,0.0025771882463710015,0.005154376492742003,8.400000000000004,7.411746573552706,5.5,1.0,0.005
31740.0,0.0,0.26443678137835547,0.011131091463565026,0.02226218292713005,8.450000000000001,7.435655547403694,5.5,1.0,0.005
31800.0,0.0,0.34686620358768955,0.02832210059765065,0.0566442011953013,8.500000000000002,7.592057629573548,5.5,1.0,0.005
31860.0,10.454267671538743,0.3900903912357259,0.02915136083533361,0.05830272167066722,8.549999999999999,16.5595403234884,5.5,1.0,0.005
31920.0,20.39507175590936,0.30483780394961424,0.019115512511508965,0.03823102502301793,8.600000000000001,24.953667682784474,5.5,1.0,0.005
31980.0,18.217236259396834,0.27009535294096076,0.006395572262314499,0.012791144524628997,8.649999999999999,23.083040579756027,5.5,1.0,0.005
32040.0,14.815037022426372,0.5858562926726996,0.03260015942718031,0.06520031885436062,8.700000000000001,20.56888972437352,5.5,1.0,0.005
32100.0,2.6904296397216987,0.515005030507681,0.0015067513494242141,0.0030135026988484283,8.749999999999998,10.165961685636002,5.5,1.0,0.005
32160.0,0.0,0.12815344803135706,0.003894560379559373,0.007789120759118746,8.8,7.59886155979453,5.5,1.0,0.005
32220.0,1.7964290764549289,0.25203605590611655,0.032803649364009625,0.06560729872801925,8.849999999999998,9.34734466838511,5.5,1.0,0.005
32280.0,1.2906931329252689,0.5366158655533082,0.03423662529596519,0.06847325059193038,8.9,9.205516043211501,5.5,1.0,0.005
32340.0,3.922712598230703,0.07355746287368291,0.03305525075528655,0.0661105015105731,8.949999999999998,11.088620441364707,5.5,1.0,0.005
32400.0,0.0,0.20806941829806866,0.0003566671499291819,0.0007133342998583638,9.0,7.827768506785678,5.5,1.0,0.005
32460.0,2.6362533254407015,0.4259980263246189,0.017820284315257742,0.035640568630515485,9.050000000000004,10.340855374004434,5.5,1.0,0.005
32520.0,5.039600812871406,0.48033905466617954,0.0274703159844495,0.054940631968899,9.1,12.496998193167293,5.5,1.0,0.005
32580.0,23.724987297106516,0.23348106556039838,0.003124639728839857,0.006249279457679714,9.150000000000004,28.15016593957542,5.5,1.0,0.005
32640.0,0.0,0.2616023719872929,0.004489527447146543,0.008979054894293086,9.200000000000001,8.053810311179424,5.5,1.0,0.005
32700.0,3.112728923747135,0.5067478646754114,0.02479400927096815,0.0495880185419363,9.250000000000004,11.002279993800137,5.5,1.0,0.005
32760.0,0.0,0.47550186219852675,0.0012230977995317765,0.002446195599063553,9.299999999999999,8.312295482257552,5.5,1.0,0.005
32820.0,3.7680604647599605,0.14957517530467876,0.008327227752992189,0.016654455505984378,9.350000000000001,11.298724724825075,5.5,1.0,0.005
32880.0,7.998187493221539,0.5731866236953456,0.009097901158977633,0.018195802317955267,9.4,15.298867647334744,5.5,1.0,0.005
32940.0,1.7536295831349926,0.36718977851427675,0.014167587335241106,0.028335174670482213,9.450000000000003,9.871323805106746,5.5,1.0,0.005
33000.0,2.1122296056005307,0.37433793913201585,0.007176086302909728,0.014352172605819455,9.499999999999998,10.206881433095083,5.5,1.0,0.005
33060.0,1.2906717141689281,0.0467876929323649,0.0009049372648416756,0.0018098745296833512,9.550000000000002,9.256648086061448,5.5,1.0,0.005
33120.0,4.926734305993278,0.12759510264568244,0.0012895199575434944,0.002579039915086989,9.6,12.459468273234851,5.5,1.0,0.005
33180.0,6.956786646751206,0.5720410679438485,0.019909183418809047,0.039818366837618094,9.650000000000002,14.65277197520876,5.5,1.0,0.005
33240.0,6.76640600088292,0.3970389793893501,0.00999379655156654,0.01998759310313308,9.7,14.359412414437925,5.5,1.0,0.005
33300.0,11.01473201048324,0.251307686048901,0.000881328401247406,0.001762656802494812,9.750000000000002,17.865881129475504,5.5,1.0,0.005
33360.0,0.7256187346465606,0.09651897529134053,0.002460246649792104,0.004920493299584208,9.8,9.035090682404187,5.5,1.0,0.005
33420.0,0.0,0.39422441763357746,0.03240983692501586,0.06481967385003172,9.850000000000001,8.790235839147332,5.5,1.0,0.005
33480.0,0.0,0.060337817508168176,0.0012537844714761417,0.0025075689429522835,9.9,8.469484295284207,5.5,1.0,0.005
33540.0,6.737775595582111,0.23834449821243422,0.008853688370759722,0.017707376741519443,9.950000000000001,14.409778985070803,5.5,1.0,0.005
33600.0,1.3016821654144817,0.27707389982078073,0.030913175519952527,0.06182635103990505,10.0,9.920771253025851,5.5,1.0,0.005
33660.0,1.9676119345289114,0.18699544887242783,0.019666198207992973,0.039332396415985946,10.05,10.424065081321519,5.5,1.0,0.005
33720.0,10.701722333542953,0.24859507583292326,0.017479948323055567,0.034959896646111134,10.1,17.937343666193286,5.5,1.0,0.005
33780.0,25.71858333471337,0.35685712477281517,0.032355304826215577,0.06471060965243115,10.15,30.874130417870102,5.5,1.0,0.005
33840.0,16.85801550468073,0.47072661798365006,0.0013266409732600776,0.002653281946520155,10.2,23.402813738746538,5.5,1.0,0.005
33900.0,3.722714206675466,0.44704987991450684,0.017791395697081935,0.03558279139416387,10.25,12.302167532629035,5.5,1.0,0.005
33960.0,4.662505689244831,0.4293282904293548,0.009041381322163566,0.018082762644327132,10.299999999999999,13.106114405094575,5.5,1.0,0.005
34020.0,0.0,0.5367481522466975,0.01873392521552785,0.0374678504310557,10.35,9.301507438709288,5.5,1.0,0.005
34080.0,0.0,0.46815624878646517,0.02202424908141191,0.04404849816282382,10.399999999999999,9.294094646626094,5.5,1.0,0.005
34140.0,0.0,0.4902101951407078,0.011659070790096305,0.02331814158019261,10.45,9.328909296384346,5.5,1.0,0.005
34200.0,1.5867862948436078,0.5069596011817991,0.02607903742590196,0.05215807485180392,10.499999999999998,10.771185557057645,5.5,1.0,0.005
34260.0,21.94042979090697,0.5765590130117578,0.022856558023790483,0.045713116047580965,10.55,28.16522470629158,5.5,1.0,0.005
34320.0,14.073753531618713,0.09430621245384863,0.001169522459534327,0.002339044919068654,10.6,21.055833064733488,5.5,1.0,0.005
34380.0,0.0,0.4929279632878461,0.02842100051734009,0.05684200103468018,10.650000000000002,9.543962320113888,5.5,1.0,0.005
34440.0,24.876807328542185,0.39337270226503995,0.0011527259234470637,0.0023054518468941273,10.699999999999998,30.577592477290928,5.5,1.0,0.005
34500.0,0.6036244693921604,0.1345544356654437,0.03367551868369242,0.06735103736738483,10.75,9.85082464194238,5.5,1.0,0.005
34560.0,8.64477935612792,0.49033847543502046,0.0058596398019557456,0.011719279603911491,10.799999999999999,16.959792238323484,5.5,1.0,0.005
34620.0,0.0,0.07908839064201607,0.001188680445054468,0.002377360890108936,10.850000000000001,9.292756267180604,5.5,1.0,0.005
34680.0,14.652476239604272,0.3943513317444494,0.012878170746739769,0.025756341493479537,10.899999999999997,22.087642771050596,5.5,1.0,0.005
34740.0,3.717319193169721,0.3621957264174858,0.0022377463459637838,0.0044754926919275675,10.950000000000001,12.780793934831335,5.5,1.0,0.005
34800.0,15.001914750627943,0.18506736289768255,0.004075184683512131,0.008150369367024263,10.999999999999998,22.269326517439737,5.5,1.0,0.005
34860.0,2.6685348588917526,0.5200544452857144,0.01020173870932841,0.02040347741865682,11.05,12.128815342259635,5.5,1.0,0.005
34920.0,10.177245708631377,0.2776120878580158,0.005344330953501429,0.010688661907002859,11.099999999999998,18.33525717094741,5.5,1.0,0.005
34980.0,0.7317401704759354,0.007033796342844461,0.0032232193460373813,0.006446438692074763,11.15,10.113677081128358,5.5,1.0,0.005
35040.0,0.8811803416485101,0.29323213131980125,0.006781861931133381,0.013563723862266761,11.199999999999998,10.535544349947452,5.5,1.0,0.005
35100.0,22.910582184322006,0.524201386675325,0.027048881370556867,0.054097762741113734,11.25,29.551040682842658,5.5,1.0,0.005
35160.0,4.472194109742491,0.5073194415942869,0.03420634564339439,0.06841269128678878,11.300000000000004,13.924812700026921,5.5,1.0,0.005
35220.0,1.8245302574055522,0.2884237482293092,0.005527038979437511,0.011054077958875022,11.35,11.457604854187197,5.5,1.0,0.005
35280.0,12.695854575941649,0.3878233172208751,0.005852046140171598,0.011704092280343196,11.400000000000002,20.826048926845584,5.5,1.0,0.005
35340.0,22.969177811492948,0.36409782204143804,0.018536985017085887,0.037073970034171774,11.45,29.613053600297793,5.5,1.0,0.005
35400.0,3.4269059188150326,0.32590877653875544,0.03203325629280125,0.0640665125856025,11.500000000000004,13.046577294597364,5.5,1.0,0.005
35460.0,6.682286925543105,0.47877066081008546,0.0076236818214737625,0.015247363642947525,11.55,15.92383933704497,5.5,1.0,0.005
35520.0,0.0,0.10914938208853964,0.03195216850349459,0.06390433700698918,11.600000000000001,10.03425500445917,5.5,1.0,0.005
35580.0,2.8515339024560333,0.4258290281876504,0.006480417552842666,0.012960835105685332,11.649999999999999,12.704783555806877,5.5,1.0,0.005
35640.0,0.0,0.06250854644824409,0.03339502015181415,0.0667900403036283,11.700000000000003,10.083289565868137,5.5,1.0,0.005
35700.0,30.36508295743023,0.05552207053546886,0.021851591874220925,0.04370318374844185,11.749999999999998,35.900735833050106,5.5,1.0,0.005
35760.0,26.92596928574703,0.44262750919074717,0.026295280839635844,0.05259056167927169,11.800000000000002,33.36036024183818,5.5,1.0,0.005
35820.0,15.223141677076507,0.44564650342210693,0.0326824853217431,0.0653649706434862,11.849999999999998,23.474310290994264,5.5,1.0,0.005
35880.0,0.7112996087101842,0.40531889398301263,0.029842244064760475,0.05968448812952095,11.900000000000002,11.140223449654357,5.5,1.0,0.005
35940.0,7.773011188061483,0.11919716745930387,0.021822228441487707,0.04364445688297541,11.95,16.92152378471846,5.5,1.0,0.005
36000.0,15.513864413503464,0.5319626000676686,0.0007269784204206155,0.001453956840841231,12.0,23.840806756507536,5.5,1.0,0.005
36060.0,0.0,0.38439325521652723,0.03431764071468411,0.06863528142936821,12.049999999999999,10.656744250756493,5.5,1.0,0.005
36120.0,0.0,0.5573674766580919,0.0005806508141775285,0.001161301628355057,12.100000000000001,10.760243014735531,5.5,1.0,0.005
36180.0,1.7870442904629709,0.14339814602118042,0.009008798195201043,0.018017596390402086,12.15,11.99134850640929,5.5,1.0,0.005
36240.0,3.1267834454658554,0.29471214697208126,0.014513384179635748,0.029026768359271496,12.200000000000001,13.315280383230318,5.5,1.0,0.005
36300.0,5.494646656441287,0.24403483806762755,0.01235475148037804,0.02470950296075608,12.25,15.321883886607539,5.5,1.0,0.005
36360.0,16.362394301486468,0.4575044273247916,0.002265173330081241,0.004530346660162482,12.3,24.757690111481278,5.5,1.0,0.005
36420.0,19.59121716085905,0.06724114094696879,0.00748845456174906,0.01497690912349812,12.35,27.226285115667576,5.5,1.0,0.005
36480.0,23.31800992928406,0.34108318376950814,0.0028179445098121007,0.005635889019624201,12.400000000000002,30.657414904595555,5.5,1.0,0.005
36540.0,14.589945130637583,0.031154025344093485,0.008833796088163683,0.017667592176327365,12.450000000000001,23.032960462609243,5.5,1.0,0.005
36600.0,17.13336579629065,0.009635380927419585,0.03191690931706651,0.06383381863413302,12.5,25.277939119393878,5.5,1.0,0.005
36660.0,0.0,0.3496668708707488,0.0016024280966599098,0.0032048561933198196,12.549999999999999,10.968803031886617,5.5,1.0,0.005
36720.0,20.03740868839222,0.5701790003698779,0.00467078424651327,0.00934156849302654,12.6,28.23836003527639,5.5,1.0,0.005
36780.0,8.464822284960944,0.5393641645620703,0.03330926404142223,0.06661852808284446,12.649999999999999,18.490997105400186,5.5,1.0,0.005
36840.0,22.016630346321886,0.23813025986387198,0.004521883053641402,0.009043766107282804,12.7,29.72307731704468,5.5,1.0,0.005
36900.0,3.773124379668387,0.10335192094653065,0.01871275891932269,0.03742551783864538,12.749999999999998,14.180222390766952,5.5,1.0,0.005
36960.0,21.884750858874064,0.09391687622998429,0.012448704857375445,0.02489740971475089,12.800000000000002,29.593611772224747,5.5,1.0,0.005
37020.0,0.6899499625260687,0.1958657802907718,0.004056723025818622,0.008113446051637245,12.85,11.685788025110153,5.5,1.0,0.005
37080.0,23.408219438212285,0.004788707875523412,0.015235288266057004,0.03047057653211401,12.9,30.904906909253086,5.5,1.0,0.005
37140.0,0.0,0.08767489200574216,0.01090781386562058,0.02181562773124116,12.95,11.109838583562212,5.5,1.0,0.005
37200.0,1.088654766288744,0.13418792393630674,0.0011322802598218943,0.0022645605196437886,13.0,12.092303601353839,5.5,1.0,0.005
37260.0,22.528101762995043,0.5525295272009175,0.0008706401743258761,0.0017412803486517522,13.049999999999997,30.71325672911109,5.5,1.0,0.005
37320.0,0.9590287251339469,0.4173741742500814,0.010060508178257578,0.020121016356515156,13.100000000000001,12.330596760330982,5.5,1.0,0.005
37380.0,0.0,0.18432683480799625,0.006542137910193728,0.013084275820387455,13.149999999999997,11.350860261257788,5.5,1.0,0.005
37440.0,0.0,0.2213695968818719,0.002967840131151082,0.005935680262302164,13.200000000000001,11.415732149684027,5.5,1.0,0.005
37500.0,1.2018505614657589,0.05359451824322375,0.0004042970606585395,0.000808594121317079,13.249999999999998,12.330659275257313,5.5,1.0,0.005
37560.0,6.435897848155618,0.07373173215968076,0.000624183795622735,0.00124836759124547,13.3,16.839776811946845,5.5,1.0,0.005
37620.0,27.46649518581612,0.23772180552618305,0.00579729287104525,0.0115945857420905,13.349999999999998,34.910867539462124,5.5,1.0,0.005
37680.0,1.0905948696484615,0.300065144445751,0.014856192494877851,0.029712384989755702,13.399999999999999,12.609944302842017,5.5,1.0,0.005
37740.0,1.4464583686776444,0.4007081927375819,0.007663157994536327,0.015326315989072654,13.449999999999998,13.022132630089008,5.5,1.0,0.005
37800.0,14.421087115637473,0.5823411415129018,0.012446592566547222,0.024893185133094443,13.5,24.259652829622514,5.5,1.0,0.005
37860.0,8.851120186353937,0.3977933737282072,0.0028843489160876356,0.005768697832175271,13.55,19.386431615805844,5.5,1.0,0.005
37920.0,26.32644816196098,0.38845791635718196,0.013753822627656141,0.027507645255312282,13.6,34.30274241427096,5.5,1.0,0.005
37980.0,0.0,0.2500868827508569,0.007502964665793882,0.015005929331587764,13.65,11.834206410236002,5.5,1.0,0.005
38040.0,20.88410314046353,0.544902270843979,0.00241753678433448,0.00483507356866896,13.7,29.865819318411432,5.5,1.0,0.005
38100.0,0.0,0.4997734959592246,0.002362993961811182,0.004725987923622364,13.750000000000002,12.118333106167961,5.5,1.0,0.005
38160.0,26.233419611876453,0.07272187496277466,0.0008016602316732809,0.0016033204633465617,13.8,34.09226449740411,5.5,1.0,0.005
38220.0,1.2731147610045739,0.0741305619518755,0.027571459039989282,0.055142918079978565,13.850000000000001,12.987965745064955,5.5,1.0,0.005
38280.0,20.298934639098405,0.07863602572085765,0.00039141658387955463,0.0007828331677591093,13.9,29.136933177385263,5.5,1.0,0.005
38340.0,28.17416870513652,0.3476240834452604,0.012792202187144674,0.025584404374289348,13.95,36.133643985871736,5.5,1.0,0.005
38400.0,23.253694746274753,0.05448740947861433,0.0005274678378632167,0.0010549356757264335,13.999999999999998,31.713299875376908,5.5,1.0,0.005
38460.0,6.739376495182979,0.3172893789026044,0.005790590958322823,0.011581181916645646,14.049999999999999,17.95543199991647,5.5,1.0,0.005
38520.0,0.0,0.5705108102808699,0.012749492829458512,0.025498985658917023,14.099999999999998,12.502445395453856,5.5,1.0,0.005
38580.0,13.334377771632175,0.43791688146548535,0.0037662826698818697,0.0075325653397637395,14.15,23.743554475941206,5.5,1.0,0.005
38640.0,6.749394781154396,0.36372872570680187,0.018260612151116552,0.036521224302233105,14.2,18.162719541817363,5.5,1.0,0.005
38700.0,14.456898960379412,0.4589494292341482,0.002094575511926997,0.004189151023853994,14.25,24.79631229872694,5.5,1.0,0.005
38760.0,27.50488867789424,0.2503770358227846,0.010560068307174542,0.021120136614349083,14.300000000000002,35.773904030842765,5.5,1.0,0.005
38820.0,1.4033066486581964,0.4830378274016655,0.0008790341287121111,0.0017580682574242221,14.350000000000001,13.803134341679101,5.5,1.0,0.005
38880.0,27.932181914402335,0.20468308545833616,0.03209283068494318,0.06418566136988636,14.400000000000002,36.23817196812818,5.5,1.0,0.005
38940.0,0.0,0.014653971215398966,0.0024069000161407593,0.004813800032281519,14.449999999999998,12.301093470574246,5.5,1.0,0.005
39000.0,0.0,0.32342988129339345,0.0038155510377705067,0.007631102075541013,14.500000000000002,12.6096450542457,5.5,1.0,0.005
39060.0,3.7813544224131914,0.49041518644883186,0.020815673527023557,0.04163134705404711,14.549999999999999,16.051584135026626,5.5,1.0,0.005
39120.0,24.030056513202894,0.38976414867844605,0.019187565620117374,0.03837513124023475,14.600000000000003,33.215775854930435,5.5,1.0,0.005
39180.0,3.9880501891437015,0.4200235964558305,0.020628685658490516,0.04125737131698103,14.649999999999999,16.251965866188748,5.5,1.0,0.005
39240.0,0.7189663904756746,0.5414212615032999,0.015631272905061736,0.03126254581012347,14.700000000000003,13.606189250090038,5.5,1.0,0.005
39300.0,28.96447086244471,0.33637981200811645,0.014001240026602942,0.028002480053205884,14.75,37.47892623535274,5.5,1.0,0.005
39360.0,1.2052073116880546,0.3942669830495045,0.0007867732546073793,0.0015735465092147586,14.8,13.941559422326174,5.5,1.0,0.005
39420.0,0.0,0.22137767028967012,0.009060833250058064,0.018121666500116127,14.85,12.833776144533868,5.5,1.0,0.005
39480.0,6.7040620335923835,0.01443943709325538,0.013645475468119098,0.027290950936238196,14.9,18.410522212526498,5.5,1.0,0.005
39540.0,0.0,0.4778523726689914,0.013228483920700423,0.026456967841400846,14.949999999999998,13.147407150766426,5.5,1.0,0.005
39600.0,0.0,0.034506892862163956,0.001288671583027541,0.002577343166055082,15.000000000000002,12.782616971469562,5.5,1.0,0.005
39660.0,1.049724873415169,0.5225384982146611,0.028580121296583178,0.057160242593166356,15.050000000000002,14.201803175191644,5.5,1.0,0.005
39720.0,16.744612991167767,0.0521976788955049,0.002913352339018696,0.005826704678037392,15.100000000000001,27.119718118018277,5.5,1.0,0.005
39780.0,0.9892038203690592,0.12647952698778858,0.029649020820752523,0.059298041641505046,15.150000000000002,13.901435848346242,5.5,1.0,0.005
39840.0,5.51233826467452,0.06475558777654337,0.02586466448009355,0.0517293289601871,15.200000000000001,17.726484669007643,5.5,1.0,0.005
39900.0,7.592744023971988,0.40838869820658463,0.01480902216853415,0.0296180443370683,15.25,19.801225820381546,5.5,1.0,0.005
39960.0,0.0,0.13035955843515915,0.009921599120349718,0.019843198240699435,15.299999999999999,13.141105702426776,5.5,1.0,0.005
40020.0,20.236993684396875,0.5036316402072266,0.012859741325001417,0.025719482650002835,15.350000000000001,30.709823866292243,5.5,1.0,0.005
40080.0,0.0,0.5759744500018293,0.018363437822156135,0.03672687564431227,15.4,13.626405048948053,5.5,1.0,0.005
40140.0,3.0898155443528337,0.16075252214168312,0.0008725767302542558,0.0017451534605085117,15.450000000000001,15.89770792718249,5.5,1.0,0.005
40200.0,21.1306464058291,0.016916403087714478,0.0077524523392691926,0.015504904678538385,15.5,31.170197141044433,5.5,1.0,0.005
40260.0,7.378464618813118,0.18709629170025285,0.03182963394517729,0.06365926789035457,15.55,19.729392340496567,5.5,1.0,0.005
40320.0,0.0,0.1930734274201193,0.03310038854434334,0.06620077708868669,15.6,13.508518404095176,5.5,1.0,0.005
40380.0,11.877937275486385,0.4718947197140919,0.02848281483509142,0.05696562967018284,15.650000000000002,23.872488373749892,5.5,1.0,0.005
40440.0,21.25963371787157,0.003245006462126268,0.009792500651897898,0.019585001303795795,15.700000000000001,31.443417792345983,5.5,1.0,0.005
40500.0,17.288116371587027,0.4398054276304431,0.00568299929890267,0.01136599859780534,15.75,28.47072517754705,5.5,1.0,0.005
40560.0,0.0,0.12328341661855156,0.011711714026017834,0.023423428052035667,15.8,13.564655774892115,5.5,1.0,0.005
40620.0,11.410262034819306,0.2965319258292132,0.005904891821662764,0.011809783643325527,15.85,23.43833234069648,5.5,1.0,0.005
40680.0,0.0,0.5685988457116382,0.017177022541304984,0.03435404508260997,15.9,14.042110426335219,5.5,1.0,0.005
40740.0,8.234272393406515,0.057225964418747347,0.02090952369245051,0.04181904738490102,15.95,20.658592889567224,5.5,1.0,0.005
40800.0,16.287989223956334,0.15882239095194964,0.012536960219991967,0.025073920439983934,16.0,27.61175912123302,5.5,1.0,0.005
40860.0,1.6542861014201875,0.26161459198305814,0.01376150361356659,0.02752300722713318,16.05,15.306107423607354,5.5,1.0,0.005
40920.0,1.557991547329732,0.49604223518746005,0.022074659098730444,0.04414931819746089,16.1,15.487219095841377,5.5,1.0,0.005
40980.0,2.968800502646461,0.09963602125586234,0.0010649846327390002,0.0021299692654780005,16.150000000000002,16.33838675613046,5.5,1.0,0.005
41040.0,19.467268033611454,0.5342184918909342,0.012266111017513244,0.024532222035026488,16.2,30.802542129771687,5.5,1.0,0.005
41100.0,2.5069203342603386,0.041352786471429974,0.018580200709888958,0.037160401419777916,16.25,16.02591166443222,5.5,1.0,0.005
41160.0,16.103274813771062,0.5127453271780827,0.0042117255777790125,0.008423451155558025,16.3,27.98935702003011,5.5,1.0,0.005
41220.0,2.075784613759314,0.44872560698018615,0.024432722517378443,0.048865445034756885,16.349999999999998,16.10563713004789,5.5,1.0,0.005
41280.0,2.509355321123638,0.3166369498429396,0.023679908698633807,0.04735981739726761,16.4,16.402477197503107,5.5,1.0,0.005
41340.0,1.2291805693635403,0.5164281894583507,0.01879647134256971,0.03759294268513942,16.45,15.51419844692216,5.5,1.0,0.005
41400.0,5.404404355367385,0.423448152382811,0.02777187106157545,0.0555437421231509,16.5,19.049492902794682,5.5,1.0,0.005
41460.0,14.892529412881707,0.2617122038281068,0.012626347974257083,0.025252695948514165,16.55,26.980802561537697,5.5,1.0,0.005
41520.0,2.912772013103911,0.42421192667882657,0.008142682977822223,0.016285365955644445,16.6,16.967200190408775,5.5,1.0,0.005
41580.0,9.829572676147393,0.23987402392381474,0.006428383239447636,0.012856766478895273,16.650000000000002,22.727922072321117,5.5,1.0,0.005
41640.0,0.5665866515128166,0.4950292374713179,0.0027232754635479624,0.005446550927095925,16.7,15.10431785806856,5.5,1.0,0.005
41700.0,3.507711033863261,0.09514170593998635,0.000931784895932528,0.001863569791865056,16.750000000000004,17.30230088031739,5.5,1.0,0.005
41760.0,26.40738115235876,0.3346569807244198,0.028337151020269683,0.056674302040539366,16.799999999999997,37.08299214822239,5.5,1.0,0.005
41820.0,5.240201916071732,0.4260420377019543,0.00669419039433251,0.01338838078866502,16.85,19.155877546213183,5.5,1.0,0.005
41880.0,5.346033129099007,0.010916070765919347,0.034159323750762104,0.06831864750152421,16.9,19.00551309544963,5.5,1.0,0.005
41940.0,0.0,0.544297968435749,0.005975012040834253,0.011950024081668505,16.950000000000003,14.885389553874516,5.5,1.0,0.005
42000.0,0.0,0.5000609307005576,0.012104681185149435,0.02420936237029887,17.0,14.905918728117605,5.5,1.0,0.005
42060.0,16.81136941943594,0.46945857729299956,0.00041203277258015334,0.0008240655451603067,17.05,29.18225448078968,5.5,1.0,0.005
42120.0,0.0,0.28991232913522325,0.004669577796851267,0.009339155593702533,17.099999999999998,14.793332903146908,5.5,1.0,0.005
42180.0,0.0,0.43657542932799837,0.0012169858535211056,0.0024339717070422113,17.150000000000002,14.951692428855278,5.5,1.0,0.005
42240.0,9.311291176810949,0.3625747231619367,0.02403969786244462,0.04807939572488924,17.199999999999996,22.904087244526185,5.5,1.0,0.005
42300.0,0.0,0.3069422886306086,0.019123653767710386,0.03824730753542077,17.25,14.972166262443679,5.5,1.0,0.005
42360.0,0.0,0.4403620173946713,0.027292772719777113,0.054585545439554226,17.3,15.148904285220903,5.5,1.0,0.005
42420.0,3.785619871371132,0.36819608554154265,0.015899302319658526,0.03179860463931705,17.35,18.318786784290904,5.5,1.0,0.005
42480.0,10.47803283866706,0.1661027392409791,0.008755169599312591,0.017510339198625182,17.400000000000002,23.85984092370008,5.5,1.0,0.005
42540.0,29.011510251051217,0.021182369758488754,0.0232716325546544,0.0465432651093088,17.450000000000003,39.569631390702625,5.5,1.0,0.005
42600.0,1.8749329262804026,0.18924049760306952,0.026486558170842917,0.05297311634168583,17.5,16.6970881336366,5.5,1.0,0.005
42660.0,2.2112155585991147,0.4002038361476172,0.002150854619537084,0.004301709239074168,17.55,17.14269116481454,5.5,1.0,0.005
42720.0,0.8061957121776714,0.47979789528924077,0.006295373633746866,0.012590747267493731,17.6,16.06914776911293,5.5,1.0,0.005
42780.0,2.563209678322993,0.39554346077858943,0.001263112571642106,0.002526225143284212,17.65,17.52066110529403,5.5,1.0,0.005
42840.0,3.4851017367968016,0.04139573387551747,0.02206908221622291,0.04413816443244582,17.7,18.09879900972284,5.5,1.0,0.005
42900.0,19.649002557194418,0.38749097955403383,0.013190721594749969,0.026381443189499938,17.75,32.15215584630279,5.5,1.0,0.005
42960.0,19.908290878232545,0.16240980688642825,0.03305074311929009,0.06610148623858018,17.8,32.27437497730532,5.5,1.0,0.005
43020.0,2.6830139541673277,0.48733506402501553,0.03262194950744938,0.06524389901489876,17.85,17.950482636707488,5.5,1.0,0.005
43080.0,1.8766531615152657,0.21863432242043357,0.027579205740884887,0.055158411481769774,17.900000000000002,17.066321335984604,5.5,1.0,0.005
43140.0,12.103300071274804,0.3202472973134501,0.02900129513241272,0.05800259026482544,17.95,25.891468565887667,5.5,1.0,0.005
43200.0,11.64899396995909,0.08506646633686284,0.026146461914966248,0.052292923829932496,18.0,25.340624848734723,5.5,1.0,0.005
43260.0,0.5432850673263705,0.3315497539912597,0.031156922914716494,0.06231384582943299,17.95,16.08055975155251,5.5,1.0,0.005
43320.0,0.0,0.2836071569515888,0.027562245263738204,0.05512449052747641,17.900000000000002,15.526349808831384,5.5,1.0,0.005
43380.0,1.073284035848089,0.08593937294659004,0.02057515559454004,0.04115031118908008,17.85,16.210306544241554,5.5,1.0,0.005
43440.0,0.0,0.1085022673996868,0.0004816720954459169,0.0009633441908918338,17.8,15.223455191133121,5.5,1.0,0.005
43500.0,3.8851822361644177,0.4053903689509397,0.029180549837935204,0.05836109967587041,17.75,18.80889711643479,5.5,1.0,0.005
43560.0,0.0,0.2616024254039007,0.02590306593804814,0.05180613187609628,17.7,15.333414879735336,5.5,1.0,0.005
43620.0,0.0,0.23114661887203794,0.012359079450664329,0.024718158901328658,17.65,15.230490278640424,5.5,1.0,0.005
43680.0,0.0,0.31074993503521925,0.02531607415211909,0.05063214830423818,17.6,15.28869343386784,5.5,1.0,0.005
43740.0,23.998901866801265,0.2575663963820105,0.012864252893973749,0.025728505787947498,17.55,35.568301868585415,5.5,1.0,0.005
43800.0,3.2630083130914067,0.12655115978052975,0.0044909876445508035,0.008981975289101607,17.5,17.76757757043475,5.5,1.0,0.005
43860.0,0.7338991376270382,0.4691043504403533,0.012920679921721615,0.02584135984344323,17.450000000000003,15.888000698657674,5.5,1.0,0.005
43920.0,0.0,0.4851884774815728,0.009085020410753803,0.018170040821507607,17.400000000000002,15.225577007906761,5.5,1.0,0.005
43980.0,16.615005252494985,0.5589880018152014,0.007155828620446382,0.014311657240892764,17.35,29.363641629145796,5.5,1.0,0.005
44040.0,0.0,0.08693379270956457,0.005423584193143137,0.010847168386286275,17.3,14.792723863495643,5.5,1.0,0.005
44100.0,0.0,0.48065094311787515,0.0018612757008345713,0.0037225514016691425,17.25,15.07579955468732,5.5,1.0,0.005
44160.0,0.0,0.5655052302530489,0.007886297833481938,0.015772595666963877,17.199999999999996,15.120789505190466,5.5,1.0,0.005
44220.0,0.0,0.2586224881833053,0.031780214366069995,0.06356042873213999,17.150000000000002,14.878368661589288,5.5,1.0,0.005
44280.0,4.072760296906413,0.488761885151771,0.03442662402835298,0.06885324805670597,17.099999999999998,18.500081746021753,5.5,1.0,0.005
44340.0,16.325707865854017,0.5400070463203507,0.0005795221204734712,0.0011590442409469424,17.05,28.829835456755422,5.5,1.0,0.005
44400.0,15.66910451345608,0.518291974581265,0.007068918015027894,0.014137836030055789,17.0,28.22731275577007,5.5,1.0,0.005
44460.0,0.7770375332273514,0.36138931038866107,0.0177916614233753,0.0355833228467506,16.950000000000003,15.420531553703219,5.5,1.0,0.005
44520.0,0.6592718790045601,0.46533663732439207,0.010700227098771508,0.021400454197543016,16.9,15.348202817981477,5.5,1.0,0.005
44580.0,2.7774054667038683,0.08767056321287289,0.001197701650918924,0.002395403301837848,16.85,16.760868764639074,5.5,1.0,0.005
44640.0,0.0,0.17443813505894412,0.003616782157198881,0.007233564314397762,16.799999999999997,14.437495209300957,5.5,1.0,0.005
44700.0,0.0,0.1994826605233236,0.013061114638842162,0.026122229277684324,16.750000000000004,14.440366103773874,5.5,1.0,0.005
44760.0,0.0,0.5289292053640867,0.0011532670486890954,0.002306534097378191,16.7,14.64753065553363,5.5,1.0,0.005
44820.0,19.93369307803959,0.17678444805744856,0.008851106268337287,0.017702212536674575,16.650000000000002,31.268976218166745,5.5,1.0,0.005
44880.0,1.921559211424736,0.3658703859334537,0.03150914915761196,0.06301829831522392,16.6,16.134663488106373,5.5,1.0,0.005
44940.0,2.4694212794172326,0.32803586748989244,0.0024126092782259597,0.004825218556451919,16.55,16.451490728530533,5.5,1.0,0.005
45000.0,5.955735674150257,0.36789682592105855,0.029212092548263745,0.05842418509652749,16.5,19.47457846105869,5.5,1.0,0.005
45060.0,0.0,0.3290406235412211,0.014238599011698484,0.028477198023396967,16.45,14.29849295748987,5.5,1.0,0.005
45120.0,2.93315947887252,0.01811720991004287,0.002096867256313642,0.004193734512627284,16.4,16.45393219696878,5.5,1.0,0.005
45180.0,15.508714565388319,0.10338602999405522,0.033541884654416355,0.06708376930883271,16.349999999999998,27.25331731194378,5.5,1.0,0.005
45240.0,2.5349803130576576,0.412309676582935,0.026564856162413365,0.05312971232482673,16.3,16.42793687440866,5.5,1.0,0.005
45300.0,0.0,0.30053240415118654,0.023669926370453256,0.04733985274090651,16.25,14.128310855773165,5.5,1.0,0.005
45360.0,6.466950746263654,0.42010614795141604,0.01095498577317621,0.02190997154635242,16.2,19.65193357380441,5.5,1.0,0.005
45420.0,0.0,0.32444574368748474,0.01160960117901103,0.02321920235802206,16.150000000000002,14.032883365140842,5.5,1.0,0.005
45480.0,0.5859976909363608,0.472785580079637,0.0012574701244859373,0.0025149402489718746,16.1,14.588172329181038,5.5,1.0,0.005
45540.0,1.7621883941564276,0.17505349154268499,0.0036288054835863057,0.007257610967172611,16.05,15.298409056827392,5.5,1.0,0.005
45600.0,20.506562815048188,0.22965860854288211,0.005598754872755145,0.01119750974551029,16.0,31.24006503497793,5.5,1.0,0.005
45660.0,0.0,0.35534739969684076,0.013176547891609897,0.026353095783219795,15.95,13.89314548686592,5.5,1.0,0.005
45720.0,3.414736807377789,0.49161135627540525,0.03352289171943953,0.06704578343887906,15.9,16.920879312989783,5.5,1.0,0.005
45780.0,0.0,0.15462951359656613,0.013919455490284241,0.027838910980568482,15.85,13.639429698057304,5.5,1.0,0.005
45840.0,5.16111421300333,0.30288060012416057,0.006286937466949037,0.012573874933898074,15.8,18.090427281699085,5.5,1.0,0.005
45900.0,14.880274848637292,0.027153956233571634,0.004912932828195408,0.009825865656390816,15.75,26.07134246285213,5.5,1.0,0.005
45960.0,3.5251158036158854,0.26663986972483233,0.006909674192682073,0.013819348385364146,15.700000000000001,16.58561199153095,5.5,1.0,0.005
46020.0,23.51128094505639,0.08905527896002387,0.0031725263144321237,0.0063450526288642475,15.650000000000002,33.370875732515756,5.5,1.0,0.005
46080.0,0.7967902581580584,0.05602128213467455,0.023785474812032362,0.047570949624064725,15.6,14.045542770019503,5.5,1.0,0.005
46140.0,13.419847901629383,0.4110791491693274,0.006726942433336479,0.013453884866672958,15.55,24.990941696383913,5.5,1.0,0.005
46200.0,7.305253086987084,0.05616673640611216,0.0007305491473649263,0.0014610982947298526,15.5,19.434069750209996,5.5,1.0,0.005
46260.0,0.0,0.11024066747685145,0.006887037235903988,0.013774074471807975,15.450000000000001,13.24376651230688,5.5,1.0,0.005
46320.0,23.409074926272876,0.006997142590969921,0.0005390721847253531,0.0010781443694507062,15.4,32.995035892605316,5.5,1.0,0.005
46380.0,0.0,0.3768892654513728,0.02611746764691667,0.05223493529383334,15.350000000000001,13.434455418133306,5.5,1.0,0.005
46440.0,17.69759019214608,0.04427869456447369,0.0006405907638941639,0.0012811815277883277,15.299999999999999,28.0872220601519,5.5,1.0,0.005
46500.0,0.0,0.339146205153337,0.003317509115230274,0.006635018230460548,15.25,13.259233922624174,5.5,1.0,0.005
46560.0,3.1151207259129157,0.5008565814076212,0.007875733497297045,0.01575146699459409,15.200000000000001,16.013663831640564,5.5,1.0,0.005
46620.0,0.0,0.2887995777240742,0.023691434959256897,0.047382869918513794,15.150000000000002,13.18339280021157,5.5,1.0,0.005
46680.0,12.89169901490843,0.016568352581397834,0.0034245355869876003,0.0068490711739752005,15.100000000000001,23.815759828113173,5.5,1.0,0.005
46740.0,29.000659372299197,0.4059936922167696,0.0019204493408647933,0.0038408986817295866,15.050000000000002,37.79305225065778,5.5,1.0,0.005
46800.0,4.590467914320158,0.5748548170437191,0.02026293299004647,0.04052586598009294,15.000000000000002,17.192194800783913,5.5,1.0,0.005
46860.0,4.581933592792356,0.5865211610804374,0.034037580218863536,0.06807516043772707,14.949999999999998,17.187482370349976,5.5,1.0,0.005
46920.0,3.4481881640903214,0.3388445648685078,0.023915320648068863,0.047830641296137726,14.9,15.94496188726758,5.5,1.0,0.005
46980.0,1.142427104826815,0.17176430738055742,0.008329150135602417,0.016658300271204834,14.85,13.760802033222053,5.5,1.0,0.005
47040.0,8.938876788897813,0.5840457801597477,0.017003762198392832,0.034007524396785664,14.8,20.71784377730483,5.5,1.0,0.005
47100.0,28.984398958384435,0.010623230891034527,0.003882486456959289,0.007764972913918578,14.75,37.1931692013494,5.5,1.0,0.005
47160.0,1.0294881840847327,0.13311520042957034,0.005595409214555107,0.011190818429110214,14.700000000000003,13.497481170334275,5.5,1.0,0.005
47220.0,24.148799739860014,0.5266407228795393,0.0160080540311007,0.0320161080622014,14.649999999999999,33.46744493110792,5.5,1.0,0.005
47280.0,0.0,0.4885420223287113,0.0019716189480933188,0.0039432378961866375,14.600000000000003,12.830288347297046,5.5,1.0,0.005
47340.0,22.78858630740263,0.21913489854921112,0.005983766089430042,0.011967532178860084,14.549999999999999,31.93932162858711,5.5,1.0,0.005
47400.0,21.672037141849263,0.23682488658095974,0.022834489322497036,0.04566897864499407,14.500000000000002,31.00576067193806,5.5,1.0,0.005
47460.0,8.005731862754473,0.2623942262976956,0.02839391432150921,0.05678782864301842,14.449999999999998,19.382811657214187,5.5,1.0,0.005
47520.0,0.0,0.44030355360054135,0.018663546913291886,0.03732709382658377,14.400000000000002,12.661850065189356,5.5,1.0,0.005
47580.0,0.0,0.5723397145125952,0.0008156680546565252,0.0016313361093130503,14.350000000000001,12.68606871087508,5.5,1.0,0.005
47640.0,0.6562396197408567,0.42241529919039916,0.018819505453672364,0.03763901090734473,14.300000000000002,13.119846419998435,5.5,1.0,0.005
47700.0,2.0442386039146516,0.4638020519997025,0.01732870805810426,0.03465741611620852,14.25,14.288522763075365,5.5,1.0,0.005
47760.0,4.368185606120079,0.11906792468738339,0.01962034463938227,0.03924068927876454,14.2,15.934197380016768,5.5,1.0,0.005
47820.0,18.869545628165035,0.02760009452950096,0.0012801830506564188,0.0025603661013128376,14.15,28.09333833106953,5.5,1.0,0.005
47880.0,19.927101288173066,0.1561313915259132,0.026924186704470665,0.05384837340894133,14.099999999999998,29.124404453840533,5.5,1.0,0.005
47940.0,1.7526975089222725,0.22544415976458165,0.02691747278022574,0.05383494556045148,14.049999999999999,13.692559973973399,5.5,1.0,0.005
48000.0,0.0,0.10532347556328288,0.023876423791762805,0.04775284758352561,13.999999999999998,12.050409834897783,5.5,1.0,0.005
48060.0,1.751870329149223,0.2366105881897305,0.0017891070611116698,0.0035782141222233397,13.95,13.552271002743943,5.5,1.0,0.005
48120.0,25.339542916507444,0.3872476427869958,0.000529823094487629,0.001059646188975258,13.9,33.68412302429122,5.5,1.0,0.005
48180.0,0.0,0.028564695941298488,0.001727348806618304,0.003454697613236608,13.850000000000001,11.80118473100698,5.5,1.0,0.005
48240.0,20.435536748386703,0.24978182642463345,0.008911926611281018,0.017823853222562035,13.8,29.335246201448403,5.5,1.0,0.005
48300.0,0.0,0.23096996181911167,0.00871396859093602,0.01742793718187204,13.750000000000002,11.906045087453133,5.5,1.0,0.005
48360.0,27.845691059678177,0.23944825343673903,0.030875979497539726,0.06175195899507945,13.7,35.596102163866405,5.5,1.0,0.005
48420.0,0.8124644610792877,0.5139212920469772,0.01363387339921684,0.02726774679843368,13.65,12.764694267325329,5.5,1.0,0.005
48480.0,25.819791331747812,0.5266896635971059,0.0203478863862366,0.0406957727724732,13.6,34.006395956328085,5.5,1.0,0.005
48540.0,21.48576525529077,0.5380420223608969,0.03216690008853036,0.06433380017706072,13.55,30.319761781229673,5.5,1.0,0.005
48600.0,16.33715855210847,0.3373205152789855,0.0187537100268101,0.0375074200536202,13.5,25.696129167847705,5.5,1.0,0.005
48660.0,7.250487367928641,0.21989968010769054,0.024396588436473778,0.048793176872947555,13.449999999999998,17.844540291343886,5.5,1.0,0.005
48720.0,0.0,0.49470943548053714,0.0007636722174888728,0.0015273444349777456,13.399999999999999,11.81245038431305,5.5,1.0,0.005
48780.0,10.483380713245003,0.24673382437187602,0.011713526736216857,0.023427053472433713,13.349999999999998,20.4979668501517,5.5,1.0,0.005
48840.0,1.0411127842319143,0.12681666012228107,0.026484621398276068,0.052969242796552136,13.3,12.36527581226667,5.5,1.0,0.005
48900.0,6.8937245390486055,0.24507022328291236,0.021246712218829535,0.04249342443765907,13.249999999999998,17.384654664139806,5.5,1.0,0.005
48960.0,0.0,0.35291112794874524,0.029629428094719946,0.05925885618943989,13.200000000000001,11.59552950039797,5.5,1.0,0.005
49020.0,4.3530221527949475,0.010930709182287656,0.012123437265872193,0.024246874531744386,13.149999999999997,14.917774697708621,5.5,1.0,0.005
49080.0,27.69930313218827,0.33007989739484195,0.007470585530691336,0.014941171061382671,13.100000000000001,34.97902556824891,5.5,1.0,0.005
49140.0,2.931809883175675,0.022799232203789096,0.008485814721804695,0.01697162944360939,13.049999999999997,13.625556575613142,5.5,1.0,0.005
49200.0,0.7769757571622182,0.5168465916557937,0.02201621665949636,0.04403243331899272,13.0,12.205890348977025,5.5,1.0,0.005
49260.0,1.1912050181279763,0.15269943378206366,0.000716203006993246,0.001432406013986492,12.95,12.151645101791367,5.5,1.0,0.005
49320.0,6.9965263013138115,0.5050659484070414,0.026729143695648057,0.053458287391296114,12.9,17.40951272868663,5.5,1.0,0.005
49380.0,7.010505601834253,0.23913315566602245,0.002651080454207691,0.005302160908415382,12.85,17.091453199033463,5.5,1.0,0.005
49440.0,2.439632661621852,0.2528320237914933,0.03329626023141263,0.06659252046282527,12.800000000000002,13.253500446191447,5.5,1.0,0.005
49500.0,6.641026241431214,0.3260336231287125,0.007146906784742166,0.014293813569484332,12.749999999999998,16.777725497177027,5.5,1.0,0.005
49560.0,0.0,0.3997455576062617,0.01752155710462431,0.03504311420924862,12.7,11.179463694582115,5.5,1.0,0.005
49620.0,0.9311497290966512,0.13975647060068724,0.005349577957556695,0.01069915591511339,12.649999999999999,11.676411693534506,5.5,1.0,0.005
49680.0,18.534128844511148,0.3330384001179578,0.0027571428310072675,0.005514285662014535,12.6,26.754122872153808,5.5,1.0,0.005
49740.0,19.698687754487757,0.18445569848360857,0.0006798526396648477,0.0013597052793296953,12.549999999999999,27.569905559256807,5.5,1.0,0.005
49800.0,0.0,0.4987865269875451,0.02860083518572009,0.05720167037144018,12.5,11.121900677663,5.5,1.0,0.005
49860.0,10.261272465333024,0.4363885140078605,0.0072980162624971786,0.014596032524994357,12.450000000000001,19.69412177390912,5.5,1.0,0.005
49920.0,3.147435420176197,0.17107672276111413,0.00582911424234541,0.01165822848469082,12.400000000000002,13.375599562814697,5.5,1.0,0.005
49980.0,12.943584330077378,0.023764891530130488,0.0225941300275439,0.0451882600550878,12.35,21.57736186993662,5.5,1.0,0.005
50040.0,8.0418697777969,0.11493874755810128,0.033396390312901196,0.06679278062580239,12.3,17.47344804184965,5.5,1.0,0.005
50100.0,8.778981181132595,0.43993185671528956,0.0037609163123519286,0.007521832624703857,12.25,18.2581664187672,5.5,1.0,0.005
50160.0,5.387980217881698,0.29180309326326787,0.005771874236471054,0.011543748472942109,12.200000000000001,15.212534093776222,5.5,1.0,0.005
50220.0,16.2522740808164,0.084516412508392,0.003071009000588862,0.006142018001177724,12.15,24.221602992277575,5.5,1.0,0.005
50280.0,6.305276653365285,0.4037865305663531,0.006325881804434806,0.012651763608869613,12.100000000000001,16.003834704943202,5.5,1.0,0.005
50340.0,0.7880218673507738,0.33283563220013546,0.006787902756329843,0.013575805512659685,12.049999999999999,11.212538026646913,5.5,1.0,0.005
50400.0,0.0,0.23668239894481383,0.012070243929237941,0.024140487858475883,12.0,10.431959161122647,5.5,1.0,0.005
50460.0,0.0,0.3562362465575528,0.0021346236852994144,0.004269247370598829,11.95,10.465744099971431,5.5,1.0,0.005
50520.0,0.0,0.4183470625636588,0.033378172639476726,0.06675634527895345,11.900000000000002,10.555709343409777,5.5,1.0,0.005
50580.0,14.837501697701985,0.48954366146657013,0.01574963934449834,0.03149927868899668,11.849999999999998,23.14065013562174,5.5,1.0,0.005
50640.0,0.0,0.531679401252079,0.0061768887518822415,0.012353777503764483,11.800000000000002,10.497678557381569,5.5,1.0,0.005
50700.0,1.8110162535853063,0.03471079590875208,0.008793731303104324,0.017587462606208647,11.749999999999998,11.578792006892863,5.5,1.0,0.005
50760.0,0.8656800671531418,0.07454958379399633,0.000503120705921828,0.001006241411843656,11.700000000000003,10.74547816110517,5.5,1.0,0.005
50820.0,3.4283492515239993,0.5869021384312206,0.011284613325593993,0.022569226651187987,11.649999999999999,13.3442394454422,5.5,1.0,0.005
50880.0,12.9216085910322,0.36052652178087446,0.005153840368225128,0.010307680736450256,11.600000000000001,21.162957138830087,5.5,1.0,0.005
50940.0,15.463503587309688,0.37207788303479256,0.007468197152646835,0.01493639430529367,11.55,23.29678815253206,5.5,1.0,0.005
51000.0,5.519647355239149,0.2832396739598896,0.025522869963978068,0.051045739927956135,11.500000000000004,14.77253729322733,5.5,1.0,0.005
51060.0,1.172934708735534,0.5502198424399984,0.009804270602927802,0.019608541205855604,11.45,11.222182258536668,5.5,1.0,0.005
51120.0,0.0,0.308588276754034,0.0008758192605567206,0.0017516385211134413,11.400000000000002,9.95453337435535,5.5,1.0,0.005
51180.0,20.028773511081848,0.5284887270800158,0.004153253882819051,0.008306507765638103,11.35,27.13176369983877,5.5,1.0,0.005
51240.0,13.589894326699271,0.42838077503333866,0.021072938892056074,0.04214587778411215,11.300000000000004,21.574269830647463,5.5,1.0,0.005
51300.0,20.848844355073993,0.07160348736448767,0.0006693466748664651,0.0013386933497329303,11.25,27.34658750009362,5.5,1.0,0.005
51360.0,0.0,0.12335416672498084,0.002522266403809365,0.00504453280761873,11.199999999999998,9.631282821045946,5.5,1.0,0.005
51420.0,24.454099632407843,0.3772877267504859,0.02330199585402759,0.04660399170805518,11.15,30.643599344712346,5.5,1.0,0.005
51480.0,9.715052653000777,0.469629044031649,0.0003867622603454302,0.0007735245206908604,11.099999999999998,18.092965686241442,5.5,1.0,0.005
51540.0,2.6775915787874798,0.23989494137900666,0.01739284103143898,0.03478568206287796,11.05,11.916715286771684,5.5,1.0,0.005
51600.0,2.975488221997368,0.05453776038580737,0.010087608408628556,0.020175216817257112,10.999999999999998,11.9512454864677,5.5,1.0,0.005
51660.0,2.750712541728499,0.5673060203611899,0.002944729915867258,0.005889459831734516,10.950000000000001,12.135324839061699,5.5,1.0,0.005
51720.0,18.341936290106847,0.5726406591027031,0.013177393409886148,0.026354786819772297,10.899999999999997,25.375992760023326,5.5,1.0,0.005
51780.0,0.7374524163312215,0.08235689474443673,0.0003999528068051981,0.0007999056136103962,10.850000000000001,9.920357794071665,5.5,1.0,0.005
51840.0,0.0,0.1369886833479625,0.00039855718107213343,0.0007971143621442669,10.799999999999999,9.2974567016575,5.5,1.0,0.005
51900.0,21.958438109590904,0.4715232136295736,0.005596919271412074,0.011193838542824148,10.75,28.21723926887951,5.5,1.0,0.005
51960.0,13.346636233273873,0.005590984310408187,0.02522121335508888,0.05044242671017776,10.699999999999998,20.508707229002113,5.5,1.0,0.005
52020.0,28.534887549748575,0.36815826206407265,0.01473980364550994,0.02947960729101988,10.650000000000002,33.6576754393368,5.5,1.0,0.005
52080.0,1.1778111599088048,0.15175997343101302,0.008205438081299725,0.01641087616259945,10.6,10.16105933044616,5.5,1.0,0.005
52140.0,0.0,0.3916698239268702,0.00495571975739778,0.00991143951479556,10.55,9.313056435719204,5.5,1.0,0.005
52200.0,0.0,0.2973175627223625,0.02046939586221551,0.04093879172443102,10.499999999999998,9.229916887762656,5.5,1.0,0.005
52260.0,3.6753503871507998,0.4548678610488735,0.020652263226683086,0.04130452645336617,10.45,12.445848782197764,5.5,1.0,0.005
52320.0,9.352032290193932,0.47049653802076474,0.0033294414698224525,0.006658882939644905,10.399999999999999,17.197639579730538,5.5,1.0,0.005
52380.0,0.0,0.2734970923720004,0.006563218383726332,0.013126436767452664,10.35,9.046708735394702,5.5,1.0,0.005
52440.0,1.3475826310064505,0.5256799379966987,0.026940656667510533,0.05388131333502107,10.299999999999999,10.415971858154828,5.5,1.0,0.005
52500.0,26.836242174333847,0.34606570452016827,0.02830401159239169,0.05660802318478338,10.25,31.889636926586515,5.5,1.0,0.005
52560.0,11.647981207250707,0.3428258836347712,0.005238682601678834,0.010477365203357668,10.2,18.875544667886935,5.5,1.0,0.005
52620.0,0.0,0.06308089273855823,0.014168590953364028,0.028337181906728057,10.15,8.717248665758854,5.5,1.0,0.005
52680.0,10.923660460194386,0.24662207218611149,0.0068380039486380445,0.013676007897276089,10.1,18.097177062592447,5.5,1.0,0.005
52740.0,0.0,0.21245302274079178,0.030856236701605682,0.061712473403211364,10.05,8.801768472918768,5.5,1.0,0.005
52800.0,27.242633383366197,0.20238717009741675,0.0019214063906100483,0.0038428127812200966,10.0,31.833167056740127,5.5,1.0,0.005
52860.0,3.147419810019964,0.5217409098892603,0.00891755264873199,0.01783510529746398,9.950000000000001,11.599026371177109,5.5,1.0,0.005
52920.0,14.27437359179931,0.2678625246123058,0.03301084426441609,0.06602168852883218,9.9,20.860078351824136,5.5,1.0,0.005
52980.0,20.579929073714432,0.5879579948062064,0.0186859286858604,0.0373718573717208,9.850000000000001,26.41285312639149,5.5,1.0,0.005
53040.0,0.0,0.2828122759488962,0.03327043572495678,0.06654087144991357,9.8,8.655230045655202,5.5,1.0,0.005
53100.0,30.78422449539019,0.5824114737039324,0.0016932364145834117,0.0033864728291668235,9.750000000000002,34.953458326587196,5.5,1.0,0.005
53160.0,10.148770678683109,0.19143775962824378,0.014372332589274592,0.028744665178549185,9.7,17.070826620667297,5.5,1.0,0.005
53220.0,5.515050699675571,0.34532499394137384,0.01042151879531206,0.02084303759062412,9.650000000000002,13.21039421250245,5.5,1.0,0.005
53280.0,20.38616903125479,0.21779330019111603,0.021856526811482414,0.04371305362296483,9.6,25.729102125098304,5.5,1.0,0.005
53340.0,9.484374330445895,0.4515115601178319,0.026693183956639832,0.053386367913279664,9.550000000000002,16.631070626068603,5.5,1.0,0.005
53400.0,10.449979426072545,0.37489768055832057,0.0005372199964762401,0.0010744399929524802,9.499999999999998,17.27751545162725,5.5,1.0,0.005
53460.0,0.0,0.5319812635913372,0.00677814735693147,0.01355629471386294,9.450000000000003,8.501968349812813,5.5,1.0,0.005
53520.0,18.649430181985885,0.512706574865176,0.0011759975610476803,0.0023519951220953607,9.4,24.280815037104077,5.5,1.0,0.005
53580.0,0.0,0.2603569557578911,0.008041543126722749,0.016083086253445497,9.350000000000001,8.189309347367352,5.5,1.0,0.005
53640.0,0.7614896805751199,0.07509116472059264,0.017415136903142177,0.034830273806284354,9.299999999999999,8.660502317604367,5.5,1.0,0.005
53700.0,3.843622439193218,0.21591411028965704,0.005969416951645154,0.011938833903290308,9.250000000000004,11.328328080287141,5.5,1.0,0.005
53760.0,13.62838035489961,0.31688685463186517,0.002774176151254095,0.00554835230250819,9.200000000000001,19.680551277287453,5.5,1.0,0.005
53820.0,14.495988670996342,0.04487881505835587,0.0018232046845398807,0.0036464093690797613,9.150000000000004,20.14188653509207,5.5,1.0,0.005
53880.0,0.8496149983704949,0.24846789170468636,0.015214542873317296,0.030429085746634593,9.1,8.707167540890863,5.5,1.0,0.005
53940.0,0.0,0.18642842004459417,0.022516376699872075,0.04503275339974415,9.050000000000004,7.908380917622582,5.5,1.0,0.005
54000.0,0.0,0.5246180189974653,0.01709048730258623,0.03418097460517246,9.0,8.13950605876944,5.5,1.0,0.005
54060.0,0.0,0.4798115380114293,0.026344362290329333,0.052688724580658666,8.949999999999998,8.082517931150052,5.5,1.0,0.005
54120.0,0.6335014650341619,0.4037810225370101,0.0027759695206037117,0.005551939041207423,8.9,8.453768836713037,5.5,1.0,0.005
54180.0,2.294510385672246,0.5350186483393798,0.0027922720911822637,0.0055845441823645274,8.849999999999998,9.934719972742394,5.5,1.0,0.005
54240.0,11.185881326465648,0.4942282065513325,0.0025215774434895516,0.005043154886979103,8.8,17.414523125545333,5.5,1.0,0.005
54300.0,2.811342783016653,0.12445514900100496,0.0007558749719016658,0.0015117499438033317,8.749999999999998,9.934855723393357,5.5,1.0,0.005
54360.0,22.44937839584326,0.31496128824500236,0.016501655672115666,0.03300331134423133,8.700000000000001,26.786767953438922,5.5,1.0,0.005
54420.0,17.470022902744873,0.37472555774366695,0.00791844873044882,0.01583689746089764,8.649999999999999,22.5407282356779,5.5,1.0,0.005
54480.0,0.6318967933871737,0.1773180024898477,0.008227853568880823,0.016455707137761646,8.600000000000001,8.018813603096115,5.5,1.0,0.005
54540.0,8.379564470825027,0.3104663966434266,0.01642840225750712,0.03285680451501424,8.549999999999999,14.695918663104825,5.5,1.0,0.005
54600.0,2.850611487532368,0.40415396490202915,0.019393325489759184,0.03878665097951837,8.500000000000002,10.041003614568124,5.5,1.0,0.005
54660.0,16.916414063353876,0.28183002865491275,0.008495582704293401,0.016991165408586802,8.450000000000001,21.82267121410342,5.5,1.0,0.005
54720.0,13.12676301357566,0.013657373190849484,0.01841496414130161,0.03682992828260322,8.400000000000004,18.356315487311857,5.5,1.0,0.005
54780.0,1.2817646081026746,0.22068983944025425,0.015302185546819171,0.030604371093638342,8.35,8.413606853555878,5.5,1.0,0.005
54840.0,1.9403003340386715,0.11878558688269293,0.0054399263343020785,0.010879852668604157,8.300000000000002,8.819094844935632,5.5,1.0,0.005
54900.0,19.894341434099157,0.45658588355791185,0.01189120971666241,0.02378241943332482,8.250000000000002,24.341110804786,5.5,1.0,0.005
54960.0,26.466376375307767,0.4143769738689842,0.018475776764190786,0.03695155352838157,8.199999999999998,29.865753577548922,5.5,1.0,0.005
55020.0,4.5855699258009475,0.12562441773239774,0.007560472682282806,0.015120945364565612,8.15,10.951294397343164,5.5,1.0,0.005
55080.0,9.985405440527947,0.12137836717102717,0.007891571089197564,0.01578314217839513,8.099999999999998,15.49588974282158,5.5,1.0,0.005
55140.0,0.0,0.10910611923537737,0.00284057178675708,0.00568114357351416,8.05,6.942483659406301,5.5,1.0,0.005
55200.0,13.50858289568377,0.005398218259167933,0.028641768952356025,0.05728353790471205,7.9999999999999964,18.35992045768,5.5,1.0,0.005
55260.0,10.482134299574886,0.5521742509270177,0.033205988986904904,0.06641197797380981,7.950000000000002,16.221337539843226,5.5,1.0,0.005
55320.0,0.0,0.05808628113658611,0.0017669981824807884,0.0035339963649615768,7.8999999999999995,6.768879184331423,5.5,1.0,0.005
55380.0,29.833651946461142,0.20083229644701048,0.016816745825995745,0.03363349165199149,7.850000000000001,32.24469430832822,5.5,1.0,0.005
55440.0,0.0,0.33274866544411963,0.011723683062793089,0.023447366125586178,7.799999999999999,6.942731757437623,5.5,1.0,0.005
55500.0,1.7451447200005368,0.17400480669850493,0.021138160688431426,0.04227632137686285,7.750000000000003,8.272679407449688,5.5,1.0,0.005
55560.0,4.266069541917416,0.5670899930697263,0.00100198952126891,0.00200397904253782,7.699999999999998,10.655740678018304,5.5,1.0,0.005
55620.0,0.0,0.009489071132285377,0.024654456777902838,0.049308913555805675,7.650000000000004,6.573434575246098,5.5,1.0,0.005
55680.0,19.532057573025146,0.43137516642377277,0.003963744664783779,0.007927489329567558,7.6,23.439025377426777,5.5,1.0,0.005
55740.0,3.2757123623592537,0.5368966966001242,0.006983063330319266,0.013966126660638532,7.550000000000003,9.676024511607787,5.5,1.0,0.005
55800.0,0.0,0.33212042871295977,0.0018805019366139892,0.0037610038732279784,7.499999999999999,6.662097644344381,5.5,1.0,0.005
55860.0,20.916399752052694,0.37884858271402533,0.0034459219175457688,0.0068918438350915375,7.4499999999999975,24.44224818544145,5.5,1.0,0.005
55920.0,10.791268027492638,0.3088483801605454,0.00286309820366166,0.00572619640732332,7.4,15.732399846924544,5.5,1.0,0.005
55980.0,2.483721333901101,0.5387591055726706,0.01676513049983336,0.03353026099966672,7.349999999999998,8.85935945632728,5.5,1.0,0.005
56040.0,0.0,0.05376556394190024,0.023038323948975453,0.046076647897950906,7.3,6.309448455420503,5.5,1.0,0.005
56100.0,0.0,0.1637031141212752,0.003660199178794789,0.007320398357589578,7.249999999999998,6.310981154909009,5.5,1.0,0.005
56160.0,10.310449733381578,0.33059891313223094,0.008019935538619247,0.016039871077238494,7.199999999999999,15.185342185160215,5.5,1.0,0.005
56220.0,0.0,0.21954117890011002,0.018995577663051152,0.037991155326102304,7.1499999999999995,6.312548725105874,5.5,1.0,0.005
56280.0,1.8324104182135643,0.42296559108258475,0.0005547589376342229,0.0011095178752684458,7.100000000000002,7.953484243192696,5.5,1.0,0.005
56340.0,0.5417833795664795,0.4289369256939704,0.0016265144744396962,0.0032530289488793924,7.049999999999999,6.821759871381203,5.5,1.0,0.005
56400.0,19.941786118718596,0.1285662915373569,0.02540477196670203,0.05080954393340406,7.000000000000002,23.07458171723265,5.5,1.0,0.005
56460.0,9.566028730501708,0.45444409957898,0.02901527150232528,0.05803054300465056,6.95,14.498890847899514,5.5,1.0,0.005
56520.0,7.853676194205516,0.3168289969191519,0.028855646995327455,0.05771129399065491,6.900000000000001,12.883511312294054,5.5,1.0,0.005
56580.0,0.6123635034617829,0.1981450398053329,0.03181655767754295,0.0636331153550859,6.85,6.592564483854782,5.5,1.0,0.005
56640.0,2.3463672499772645,0.026058083222323187,0.010578046081469327,0.021156092162938653,6.8000000000000025,7.823535550727398,5.5,1.0,0.005
56700.0,3.1822341529435265,0.20642268298585423,0.03207384994153811,0.06414769988307623,6.75,8.699646627890894,5.5,1.0,0.005
56760.0,24.449151730022738,0.5143022074182694,0.008457679618871792,0.016915359237743583,6.699999999999998,26.935502929852976,5.5,1.0,0.005
56820.0,0.0,0.45193120114718727,0.00824631725827246,0.01649263451654492,6.65,6.057669629983704,5.5,1.0,0.005
56880.0,0.8656307777531909,0.144620842263273,0.03381439543418458,0.06762879086836916,6.599999999999998,6.554940585371163,5.5,1.0,0.005
56940.0,3.409102811472916,0.15356587983155529,0.022653043539010466,0.04530608707802093,6.550000000000001,8.653533648633276,5.5,1.0,0.005
57000.0,9.443645119239056,0.1749514522854929,0.021456093296022227,0.04291218659204445,6.499999999999999,13.755520123700721,5.5,1.0,0.005
57060.0,0.0,0.22588998664503313,0.008092056975763458,0.016184113951526916,6.45,5.695141233936475,5.5,1.0,0.005
57120.0,1.6956154704875985,0.13644508389662308,0.005017659398531082,0.010035318797062164,6.399999999999999,7.010046502692841,5.5,1.0,0.005
57180.0,1.4617564962806358,0.2639486389740026,0.015087056181650812,0.030174112363301624,6.350000000000001,6.902821358229653,5.5,1.0,0.005
57240.0,13.035010207937175,0.25881337673870386,0.008178400239345875,0.01635680047869175,6.3,16.675604967584828,5.5,1.0,0.005
57300.0,0.0,0.40201992987133506,0.0055478686520364084,0.011095737304072817,6.250000000000002,5.668364005453329,5.5,1.0,0.005
57360.0,27.926754273137764,0.08971049630779723,0.0017372896043077717,0.0034745792086155435,6.200000000000001,29.088425142519714,5.5,1.0,0.005
57420.0,23.83428252364158,0.4897713697924011,0.02590281271871534,0.05180562543743068,6.150000000000002,25.968997981851608,5.5,1.0,0.005
57480.0,1.6937516813693634,0.18350073027601274,0.02725603619583579,0.05451207239167158,6.1000000000000005,6.850167442197952,5.5,1.0,0.005
57540.0,19.25695866667325,0.20104234360883808,0.0308358949282551,0.0616717898565102,6.0500000000000025,21.760432390806827,5.5,1.0,0.005
57600.0,0.49334260823992365,0.3204622339733294,0.020992281432922835,0.04198456286584567,6.0,5.845264433535219,5.5,1.0,0.005
57660.0,8.38540862808366,0.31824883963234074,0.0012708475466267635,0.002541695093253527,5.950000000000003,12.458849508802501,5.5,1.0,0.005
57720.0,20.17149572621994,0.5657098715268258,0.005204153864524093,0.010408307729048187,5.899999999999995,22.654895350439283,5.5,1.0,0.005
57780.0,2.0211755134369134,0.5168354535576279,0.011699648685327921,0.023399297370655842,5.849999999999997,7.159643426092944,5.5,1.0,0.005
57840.0,2.1363638852312152,0.5519698314621029,0.023974959761531685,0.04794991952306337,5.800000000000001,7.276219806581226,5.5,1.0,0.005
57900.0,4.6353337295241,0.3362743297466753,0.03002091361678222,0.06004182723356444,5.7500000000000036,9.189920180102957,5.5,1.0,0.005
57960.0,0.0,0.3810014142879183,0.027679592955857188,0.055359185911714376,5.699999999999996,5.239434164182162,5.5,1.0,0.005
58020.0,8.404883857931043,0.4617385185459461,0.01273476246482254,0.02546952492964508,5.649999999999999,12.371602664290737,5.5,1.0,0.005
58080.0,3.8485562374161897,0.24847122154584764,0.010097522746927136,0.02019504549385427,5.600000000000001,8.268222023122396,5.5,1.0,0.005
58140.0,3.810543178203605,0.5311416534062987,0.03352614161737803,0.06705228323475607,5.550000000000004,8.493423767992736,5.5,1.0,0.005
58200.0,14.574424353601477,0.4957590622256661,0.015129148912345802,0.030258297824691603,5.4999999999999964,17.52323523317955,5.5,1.0,0.005
58260.0,0.0,0.3030685298447363,0.007208365613165688,0.014416731226331376,5.449999999999998,4.908489582681597,5.5,1.0,0.005
58320.0,0.0,0.23514665145192126,0.03147626782620141,0.06295253565240282,5.400000000000003,4.870139136690949,5.5,1.0,0.005
58380.0,17.29602903391001,0.5771981646083484,0.02894345763122213,0.05788691526244426,5.350000000000005,19.813548935700222,5.5,1.0,0.005
58440.0,14.865052454932586,0.23314633416944391,0.03185986174636063,0.06371972349272126,5.299999999999997,17.419711618189943,5.5,1.0,0.005
58500.0,0.4942238683181214,0.2565023415196131,0.017271441581368858,0.034542883162737716,5.249999999999999,5.1446594543945645,5.5,1.0,0.005
58560.0,23.81528520194822,0.23026640316508928,0.01618663524924734,0.03237327049849468,5.200000000000004,24.899994784231897,5.5,1.0,0.005
58620.0,14.418148158580488,0.07414203234752473,0.0003568562172119863,0.0007137124344239726,5.149999999999995,16.696856645642697,5.5,1.0,0.005
58680.0,0.0,0.4409983981655395,0.016890841878399416,0.03378168375679883,5.099999999999998,4.752920285230625,5.5,1.0,0.005
58740.0,2.208635990347062,0.3677672084347984,0.01847395374265709,0.03694790748531418,5.05,6.529551301008357,5.5,1.0,0.005
58800.0,0.0,0.08651781201028687,0.0025882676356128514,0.005176535271225703,5.0000000000000036,4.330140222679559,5.5,1.0,0.005
58860.0,13.081227788585839,0.08093873776871115,0.013104669597176682,0.026209339194353365,4.949999999999996,15.428758454874165,5.5,1.0,0.005
58920.0,0.6728632501263375,0.1449486806547179,0.0078538077983021,0.0157076155966042,4.8999999999999995,4.8801673510495664,5.5,1.0,0.005
58980.0,0.0,0.12598092236395544,0.0010531251202036919,0.0021062502404073837,4.850000000000001,4.2322692530658825,5.5,1.0,0.005
59040.0,18.749159311397605,0.3771257016579879,0.018715689203077052,0.037431378406154105,4.800000000000004,20.385067268565106,5.5,1.0,0.005
59100.0,4.618421558462878,0.08485251672219964,0.033196156867079926,0.06639231373415985,4.749999999999997,8.119933163918368,5.5,1.0,0.005
59160.0,0.0,0.36020854094997895,0.008074899053626702,0.016149798107253404,4.7,4.3217682523942305,5.5,1.0,0.005
59220.0,14.428688116624278,0.3404453811693633,0.020420876483974216,0.04084175296794843,4.650000000000001,16.55833670815873,5.5,1.0,0.005
59280.0,13.59562891758641,0.11752517710295489,0.0013973656851601882,0.0027947313703203763,4.600000000000005,15.569744262983122,5.5,1.0,0.005
59340.0,0.0,0.18079058963649847,0.005970918493482392,0.011941836986964783,4.549999999999998,4.036397843349402,5.5,1.0,0.005
59400.0,11.419774765879177,0.39708603504653356,0.026621920601710793,0.053243841203421585,4.5,13.937217578321217,5.5,1.0,0.005
59460.0,15.12241784001674,0.4719647043598646,0.013960837241275665,0.02792167448255133,4.450000000000002,17.07332529768537,5.5,1.0,0.005
59520.0,4.143110320309605,0.4203261147485357,0.02333632016829559,0.04667264033659118,4.399999999999994,7.678428586228567,5.5,1.0,0.005
59580.0,3.006058469167946,0.22882087112511973,0.018239457595844312,0.036478915191688624,4.349999999999998,6.493658056118507,5.5,1.0,0.005
59640.0,16.454590060771363,0.5084714425591198,0.002575484533329741,0.005150969066659482,4.300000000000001,18.080169763390902,5.5,1.0,0.005
59700.0,0.0,0.28061260591446996,0.022308514135260835,0.04461702827052167,4.250000000000003,3.9079074260722164,5.5,1.0,0.005
59760.0,21.012299792325038,0.406546396847297,0.02338018026491314,0.04676036052982628,4.199999999999995,21.83563872047201,5.5,1.0,0.005
59820.0,0.0,0.1414021517229818,0.018946132592897177,0.037892265185794353,4.1499999999999995,3.6960044670764223,5.5,1.0,0.005
59880.0,8.57767915730468,0.4539112365325399,0.000761129202634709,0.001522258405269418,4.100000000000001,11.163792714228356,5.5,1.0,0.005
59940.0,6.8907782549832035,0.27989613785940215,0.01835274658377777,0.03670549316755554,4.050000000000003,9.584372737704852,5.5,1.0,0.005
60000.0,29.308921240513627,0.2845916087110334,0.01920912630077271,0.03841825260154542,3.999999999999996,28.603469193907923,5.5,1.0,0.005
60060.0,0.0,0.14098333266757299,0.001164521256976102,0.002329042513952204,3.9499999999999997,3.480305361972726,5.5,1.0,0.005
60120.0,0.0,0.5694411558460807,0.019265601681903475,0.03853120336380695,3.9000000000000026,3.848152266758025,5.5,1.0,0.005
60180.0,7.1618645876218014,0.44427681656152385,0.03203048322059949,0.06406096644119898,3.8500000000000045,9.819397925768358,5.5,1.0,0.005
60240.0,0.0,0.476787106679069,0.017665300154292064,0.03533060030858413,3.7999999999999967,3.6803155560706506,5.5,1.0,0.005
60300.0,29.547883507736902,0.5045676912005643,0.0016860955252899557,0.0033721910505799114,3.750000000000001,28.736383062686336,5.5,1.0,0.005
60360.0,0.0,0.11172543092576294,0.025509393228639776,0.05101878645727955,3.700000000000003,3.305015569019932,5.5,1.0,0.005
60420.0,4.883166286084921,0.17785124038266134,0.0006407577928133642,0.0012815155856267283,3.649999999999995,7.405998829869116,5.5,1.0,0.005
60480.0,19.262784494233422,0.2988626902799542,0.011742162686099624,0.023484325372199247,3.5999999999999974,19.717342621685923,5.5,1.0,0.005
60540.0,27.945424002737077,0.4858318975498962,0.024323215323430916,0.04864643064686183,3.550000000000001,27.24609171431868,5.5,1.0,0.005
60600.0,0.0,0.13620296872474133,0.03342543338326087,0.06685086676652174,3.5000000000000036,3.1760073785433485,5.5,1.0,0.005
60660.0,2.95621301710651,0.19990863471243486,0.007035803787541794,0.014071607575083588,3.4499999999999957,5.633144703704331,5.5,1.0,0.005
60720.0,15.834039882803207,0.5404014150237479,0.027460106799926116,0.05492021359985223,3.399999999999998,16.878298375492722,5.5,1.0,0.005
60780.0,11.161121476574621,0.1644390742271077,0.01845876179368918,0.03691752358737836,3.3500000000000023,12.521296310755378,5.5,1.0,0.005
60840.0,0.0,0.09797414929354224,0.03318945299343797,0.06637890598687594,3.3000000000000043,2.9729111320327815,5.5,1.0,0.005
60900.0,1.2365495237834312,0.14060240344404243,0.009518581697145312,0.019037163394290624,3.249999999999997,3.95735152147107,5.5,1.0,0.005
60960.0,20.862039706740973,0.46362623631818056,0.019089813963004573,0.038179627926009145,3.199999999999999,20.89549507720594,5.5,1.0,0.005
61020.0,15.672258342175743,0.5869610048886376,0.02435432472965954,0.04870864945931908,3.1500000000000026,16.559939973065358,5.5,1.0,0.005
61080.0,1.1798016822198747,0.5874899378371763,0.015103250231944748,0.030206500463889497,3.1000000000000054,4.1757111651399565,5.5,1.0,0.005
61140.0,0.4889060373561412,0.5464784806757472,0.028556159995275512,0.057112319990551025,3.049999999999997,3.5453950483150556,5.5,1.0,0.005
61200.0,20.90222025418999,0.17052832636276982,0.022832729910266508,0.045665459820533015,2.9999999999999996,20.520059754741027,5.5,1.0,0.005
61260.0,23.961933864448955,0.24863274516490563,0.014620968361016921,0.029241936722033842,2.9500000000000037,23.123765087492373,5.5,1.0,0.005
61320.0,17.637098934171675,0.4513060862102524,0.007422886018441252,0.014845772036882504,2.8999999999999955,17.859072626671658,5.5,1.0,0.005
61380.0,1.1516605317837398,0.29386872244365114,0.008220534650607413,0.016441069301214827,2.849999999999998,3.6721622294523297,5.5,1.0,0.005
61440.0,16.13794633562042,0.301495379985174,0.026028031283844004,0.05205606256768801,2.8000000000000003,16.419896938038555,5.5,1.0,0.005
61500.0,2.119309112318897,0.49145373748869825,0.03263302400982857,0.06526604801965714,2.750000000000004,4.639862633561521,5.5,1.0,0.005
61560.0,0.0,0.21713316254259613,0.03112746708881674,0.06225493417763348,2.699999999999996,2.558938229237686,5.5,1.0,0.005
61620.0,18.46695390588807,0.489840893166437,0.0018904285480901238,0.0037808570961802477,2.6499999999999986,18.37059617199396,5.5,1.0,0.005
61680.0,10.351656612127233,0.4628355105896273,0.012264785407192402,0.024529570814384803,2.600000000000001,11.433593507097672,5.5,1.0,0.005
61740.0,1.1406451248887735,0.25254459272895763,0.023687054836891774,0.04737410967378355,2.5500000000000047,3.412113249809149,5.5,1.0,0.005
61800.0,22.44038401677337,0.2422454272835355,0.001911227400275447,0.003822454800550894,2.499999999999997,21.410108657319068,5.5,1.0,0.005
61860.0,0.0,0.09088016805785677,0.0005589433938799674,0.0011178867877599348,2.4499999999999997,2.161173448503572,5.5,1.0,0.005
61920.0,11.630099043295399,0.0598495918497015,0.03295276962973004,0.06590553925946008,2.4000000000000017,12.06048590242915,5.5,1.0,0.005
61980.0,6.572901208838264,0.39160975172190354,0.008413685892047424,0.01682737178409485,2.3500000000000054,7.938789215500867,5.5,1.0,0.005
62040.0,5.233410362479583,0.29621289496667147,0.0017718256519233461,0.0035436513038466923,2.2999999999999976,6.659697924241719,5.5,1.0,0.005
62100.0,1.9010619402332296,0.4618067726945957,0.004457658489832014,0.008915316979664028,2.25,3.932305435137723,5.5,1.0,0.005
62160.0,0.0,0.19331500451482797,0.012031541723645442,0.024063083447290884,2.2000000000000024,2.0649981852329016,5.5,1.0,0.005
62220.0,4.849964433993505,0.5803286238039947,0.0182078633763666,0.0364157267527332,2.1499999999999946,6.489679150737605,5.5,1.0,0.005
62280.0,18.86144281397691,0.014035927742650337,0.02723078512518054,0.05446157025036108,2.0999999999999988,17.898595432530836,5.5,1.0,0.005
62340.0,1.1120535977637418,0.028303119565467508,0.011711313516180598,0.023422627032361195,2.0500000000000007,2.741667059196089,5.5,1.0,0.005
62400.0,15.560836630074743,0.20938490520853606,0.0063863689798534205,0.012772737959706841,2.000000000000003,15.120973545889415,5.5,1.0,0.005
62460.0,2.41712709634782,0.22176728909811108,0.0018364971857292398,0.0036729943714584796,1.9499999999999953,3.9052432954526473,5.5,1.0,0.005
62520.0,12.13933330083755,0.08891234275646241,0.026266422662744232,0.052532845325488464,1.8999999999999992,12.075988174844905,5.5,1.0,0.005
62580.0,7.591747706833725,0.30398939014244625,0.001364293314195413,0.002728586628390826,1.8500000000000014,8.287355480380944,5.5,1.0,0.005
62640.0,17.669165919663,0.5600527036546802,0.007025985161501216,0.014051970323002433,1.8000000000000038,17.04275209198186,5.5,1.0,0.005
62700.0,1.188705136496835,0.18898213931307245,0.02021480794943727,0.04042961589887454,1.749999999999996,2.7100819447094833,5.5,1.0,0.005
62760.0,0.8069515570647986,0.13193907507300087,0.009407597827811193,0.018815195655622386,1.7,2.2670464117780478,5.5,1.0,0.005
62820.0,16.7080064175276,0.24912885355350756,0.012404740918662543,0.024809481837325086,1.6500000000000021,15.847697069761532,5.5,1.0,0.005
62880.0,14.819516172823635,0.42081367315945123,0.0114621395428018,0.0229242790856036,1.600000000000004,14.343508824919772,5.5,1.0,0.005
62940.0,17.91192592239233,0.24645668067271165,0.008300440618920957,0.016600881237841914,1.5499999999999963,16.773291336183533,5.5,1.0,0.005
63000.0,17.748565572878796,0.30290302965167853,0.0018898149260607713,0.0037796298521215427,1.5000000000000007,16.623567340212357,5.5,1.0,0.005
63060.0,29.246501031362403,0.5443645261536786,0.006617346179391093,0.013234692358782186,1.4500000000000028,26.571609956646117,5.5,1.0,0.005
63120.0,16.060567830599975,0.01780262439417104,0.0014691429999818346,0.0029382859999636693,1.399999999999995,14.860361201394975,5.5,1.0,0.005
63180.0,0.0,0.43647242928511976,0.0010644391416363822,0.0021288782832727645,1.3499999999999972,1.5212158847035222,5.5,1.0,0.005
63240.0,2.475680531465054,0.2628384218404779,0.009963238597454278,0.019926477194908556,1.3000000000000014,3.4581473687332114,5.5,1.0,0.005
63300.0,3.469544293473607,0.03496687907412048,0.017996306166714025,0.03599261233342805,1.2500000000000036,4.087225077390692,5.5,1.0,0.005
63360.0,26.077721463317832,0.12722010510231083,0.005169148367450039,0.010338296734900079,1.1999999999999957,23.307381661494116,5.5,1.0,0.005
63420.0,16.925304218741772,0.22380349537275412,0.02411771246374798,0.04823542492749596,1.149999999999998,15.615741723779903,5.5,1.0,0.005
63480.0,8.380839706550555,0.46288577001907344,0.008899738783793871,0.017799477567587742,1.100000000000002,8.47486098898286,5.5,1.0,0.005
63540.0,1.6741380833778656,0.16550663614891145,0.018760052984488955,0.03752010596897791,1.0500000000000043,2.504036146708211,5.5,1.0,0.005
63600.0,0.0,0.5351509659596901,0.0034768647681500575,0.006953729536300115,0.9999999999999964,1.313744326224516,5.5,1.0,0.005
63660.0,21.34737831135254,0.17818000661105063,0.0064344149347855375,0.012868829869571075,0.9499999999999986,19.12063232835275,5.5,1.0,0.005
63720.0,1.7031525483295769,0.44707790957317334,0.015390674976142762,0.030781349952285524,0.9000000000000028,2.6319421104065035,5.5,1.0,0.005
63780.0,1.4508524884549607,0.22842335382839052,0.02611482570287076,0.05222965140574152,0.850000000000005,2.216477271483173,5.5,1.0,0.005
63840.0,19.799983759866848,0.007038081064561523,0.015682212168096385,0.03136442433619277,0.7999999999999972,17.55595820582034,5.5,1.0,0.005
63900.0,13.572375079921741,0.46699567407552794,0.0005553838647509285,0.001110767729501857,0.7499999999999993,12.572381369752794,5.5,1.0,0.005
63960.0,2.918157032346949,0.09908200544742449,0.00151745531009271,0.00303491062018542,0.7000000000000035,3.1635226931659566,5.5,1.0,0.005
64020.0,0.0,0.20818180948170179,0.0030627289248797754,0.006125457849759551,0.6499999999999958,0.7372644968178864,5.5,1.0,0.005
64080.0,25.692350740102952,0.2172664234890332,0.000476664584108204,0.000953329168216408,0.5999999999999979,22.53439008374266,5.5,1.0,0.005
64140.0,1.972304202849792,0.05925356991234047,0.0005680170589921275,0.001136034117984255,0.55,2.195772550348243,5.5,1.0,0.005
64200.0,0.0,0.5740661676535386,0.0009931338487911146,0.0019862676975822293,0.5000000000000043,0.9154887338199287,5.5,1.0,0.005
64260.0,1.937541446704585,0.3677570206088449,0.0018080530603835862,0.0036161061207671723,0.44999999999999646,2.3466142325203907,5.5,1.0,0.005
64320.0,1.375860802328303,0.16915759645270126,0.0005248300733942961,0.0010496601467885921,0.3999999999999986,1.6546039556510077,5.5,1.0,0.005
64380.0,2.418060382799847,0.2710073021300302,0.0009233461146535301,0.0018466922293070601,0.35000000000000075,2.585562064782763,5.5,1.0,0.005
64440.0,13.435368289512041,0.47145091975829523,0.026072749744093213,0.05214549948818643,0.300000000000005,12.142281839727229,5.5,1.0,0.005
64500.0,9.114269970846397,0.2384189357687453,0.0036218163263713127,0.007243632652742625,0.24999999999999714,8.171521202255114,5.5,1.0,0.005
64560.0,3.805389806296713,0.1459104355435829,0.03268036078780214,0.06536072157560428,0.1999999999999993,3.6119401255731463,5.5,1.0,0.005
64620.0,22.032229042168243,0.4339787972685442,0.03204731572937569,0.06409463145875138,0.15000000000000147,19.30549731863118,5.5,1.0,0.005
64680.0,8.298150332063264,0.5257252284330189,0.013919155197311886,0.027838310394623773,0.10000000000000564,7.62078807217499,5.5,1.0,0.005
64740.0,5.585166455051656,0.19969209495487292,0.007218749477852483,0.014437498955704967,0.049999999999997824,4.978037578674072,5.5,1.0,0.005
64800.0,0.6740570343914821,0.07643160148043292,0.012518721705790554,0.02503744341158111,0.0,0.6698380808408937,5.5,1.0,0.005
64860.0,0.48707964157498673,0.18977986712947062,0.014355411868564344,0.028710823737128688,0.0,0.6119368826636278,5.5,1.0,0.005
64920.0,0.0,0.33088938131892276,0.028409420734521993,0.056818841469043986,0.0,0.3536999969941154,5.5,1.0,0.005
64980.0,23.43707081957197,0.34516003144114604,0.00039484651191969226,0.0007896930238393845,0.0,20.215903081966545,5.5,1.0,0.005
65040.0,0.0,0.2329669211823555,0.013379044517730372,0.026758089035460744,0.0,0.23213844652521462,5.5,1.0,0.005
65100.0,0.0,0.455365291640055,0.013468087861230623,0.026936175722461247,0.0,0.42140412194018484,5.5,1.0,0.005
65160.0,0.0,0.04179685053697869,0.0023421196861091835,0.004684239372218367,0.0,0.041499728156010295,5.5,1.0,0.005
65220.0,8.265528267944461,0.05511381475818807,0.010216372325523313,0.020432744651046626,0.0,7.098597519727336,5.5,1.0,0.005
65280.0,0.9712932388910743,0.535755071867238,0.0004043970470818118,0.0008087940941636236,0.0,1.282022276614624,5.5,1.0,0.005
65340.0,3.0100509170948375,0.3501653201589222,0.009499221778741043,0.018998443557482085,0.0,2.8804068172014854,5.5,1.0,0.005
65400.0,3.394649202854244,0.027175531283572276,0.01138221541441067,0.02276443082882134,0.0,2.937575673323891,5.5,1.0,0.005
65460.0,12.158977318065405,0.1843685697608032,0.013176930840515652,0.026353861681031304,0.0,10.525445178295591,5.5,1.0,0.005
65520.0,6.8968660893425895,0.1540469135708519,0.005371471201311747,0.010742942402623494,0.0,6.00697330403977,5.5,1.0,0.005
65580.0,3.102707314853449,0.2888872395809211,0.0040289701328581175,0.008057940265716235,0.0,2.893129245108003,5.5,1.0,0.005
65640.0,0.0,0.5361309139433609,0.004615203852252756,0.009230407704505512,0.0,0.46748004667510135,5.5,1.0,0.005
65700.0,1.3791022807688929,0.3965871978245862,0.02365174622893912,0.04730349245787824,0.0,1.569648009688252,5.5,1.0,0.005
65760.0,2.9220030562656607,0.3819324881475558,0.016061236975347865,0.03212247395069573,0.0,2.849301367038371,5.5,1.0,0.005
65820.0,0.0,0.4906676858615274,0.018646634560392276,0.03729326912078455,0.0,0.4646164511112986,5.5,1.0,0.005
65880.0,28.110088602172233,0.2309804975009865,0.01305482579988033,0.02610965159976066,0.0,24.123198540511932,5.5,1.0,0.005
65940.0,7.291146758683183,0.14775361473202592,0.007934345331696034,0.015868690663392068,0.0,6.343297897998753,5.5,1.0,0.005
66000.0,1.6984080802259702,0.09880674152795552,0.028711899861934023,0.057423799723868046,0.0,1.6008479431387685,5.5,1.0,0.005
66060.0,0.0,0.15599602549977173,0.004554165640771326,0.009108331281542653,0.0,0.14420974405877285,5.5,1.0,0.005
66120.0,0.8694575655698467,0.11918758472162577,0.0006719492027325741,0.0013438984054651483,0.0,0.8420618482147195,5.5,1.0,0.005
66180.0,29.198563903613675,0.41587873346212884,0.012933191773031667,0.025866383546063333,0.0,25.205255880535663,5.5,1.0,0.005
66240.0,3.922491900006289,0.15555096688264036,0.010860340663540538,0.021720681327081076,0.0,3.494030305547618,5.5,1.0,0.005
66300.0,0.0,0.1546956756797876,0.034304947147656466,0.06860989429531293,0.0,0.21896893955434346,5.5,1.0,0.005
66360.0,23.129521562837414,0.546399888227609,0.006138669054750226,0.012277338109500453,0.0,20.14018683949488,5.5,1.0,0.005
66420.0,16.368856389621428,0.3511445922928639,0.004771571331095188,0.009543142662190376,0.0,14.224168341521441,5.5,1.0,0.005
66480.0,2.318273232826021,0.35478672935837713,0.007740209995042433,0.015480419990084865,0.0,2.2918385033440964,5.5,1.0,0.005
66540.0,27.711754821774342,0.0646294098103228,0.003834055189916436,0.007668110379832872,0.0,23.61970343758125,5.5,1.0,0.005
66600.0,0.0,0.3872547589850764,0.013267402208763244,0.026534804417526488,0.0,0.3629984207696612,5.5,1.0,0.005
66660.0,2.3366075073448727,0.2069973896924791,0.0005279089824373974,0.0010558179648747948,0.0,2.1634103303869643,5.5,1.0,0.005
66720.0,15.161176188238734,0.3752918579203615,0.003145702337133983,0.006291404674267966,0.0,13.214019380194923,5.5,1.0,0.005
66780.0,0.0,0.585130308769198,0.003218224516378001,0.006436449032756002,0.0,0.5055672349705822,5.5,1.0,0.005
66840.0,11.429954898691761,0.1400884008284984,0.002966633045125944,0.005933266090251888,0.0,9.842101718857293,5.5,1.0,0.005
66900.0,6.740669670384234,0.5012763703791896,0.015008614416435412,0.030017228832870824,0.0,6.19392610141082,5.5,1.0,0.005
66960.0,6.478341411381095,0.5746352890112334,0.004929433192883537,0.009858866385767074,0.0,6.007600249975332,5.5,1.0,0.005
67020.0,0.0,0.285052671618007,0.022789241249897462,0.045578482499794924,0.0,0.30040733606254444,5.5,1.0,0.005
67080.0,0.8541381898373708,0.04954835601541926,0.0030757887352883917,0.006151577470576783,0.0,0.7759768252498569,5.5,1.0,0.005
67140.0,18.223687530648427,0.38524246944415513,0.019382338751899056,0.03876467750379811,0.0,15.867015463896038,5.5,1.0,0.005
67200.0,24.26569237767636,0.39288308875296424,0.00041991973135629165,0.0008398394627125833,0.0,20.960859941779884,5.5,1.0,0.005
67260.0,1.6404914450051442,0.24555121072719832,0.029615615177010012,0.059231230354020024,0.0,1.6786560760738665,5.5,1.0,0.005
67320.0,0.0,0.044106892113443236,0.021786624531125225,0.04357324906225045,0.0,0.09304675085079607,5.5,1.0,0.005
67380.0,0.0,0.37390119703304825,0.027882040706935427,0.055764081413870854,0.0,0.3889152212807764,5.5,1.0,0.005
67440.0,3.200150254276094,0.10903010293043948,0.032055081394289184,0.06411016278857837,0.0,2.8945437611809908,5.5,1.0,0.005
67500.0,30.478690147380995,0.5317411494811354,0.004286382311490839,0.008572764622981678,0.0,26.369796877227113,5.5,1.0,0.005
67560.0,3.170618678978784,0.40184561523748136,0.008324231111590455,0.01664846222318091,0.0,3.057821439418381,5.5,1.0,0.005
67620.0,14.027585447535944,0.1289195369563195,0.013158201986578346,0.026316403973156693,0.0,12.066582651884199,5.5,1.0,0.005
67680.0,13.403096986512564,0.5463950037606855,0.00854204831670683,0.01708409663341366,0.0,11.878850414939864,5.5,1.0,0.005
67740.0,1.8888613381056507,0.2162532169289739,0.010437122295598957,0.020874244591197914,0.0,1.815962033633208,5.5,1.0,0.005
67800.0,6.417116965586505,0.5584183098298166,0.017430980744276223,0.034861961488552445,0.0,5.973653985001778,5.5,1.0,0.005
67860.0,0.0,0.549929645832602,0.02317706843860318,0.04635413687720636,0.0,0.5265417234761498,5.5,1.0,0.005
67920.0,15.309595032462031,0.4363371389747698,0.02163214584381957,0.04326429168763914,0.0,13.43920431762302,5.5,1.0,0.005
67980.0,13.964965688832855,0.41072297464549923,0.0022095894159887687,0.004419178831977537,0.0,12.224969816967372,5.5,1.0,0.005
68040.0,30.074458304100418,0.22723819712033017,0.01219844752043928,0.02439689504087856,0.0,25.787548067214757,5.5,1.0,0.005
68100.0,0.0,0.30443307265236386,0.024919098908107236,0.04983819781621447,0.0,0.3223118139701827,5.5,1.0,0.005
68160.0,4.151527579861916,0.12306712914343754,0.013078066172554272,0.026156132345108545,0.0,3.6667545713945633,5.5,1.0,0.005
68220.0,0.0,0.4945451082257982,0.008921678802053282,0.017843357604106564,0.0,0.4431136229371644,5.5,1.0,0.005
68280.0,0.0,0.04757584040946263,0.019219601223720875,0.03843920244744175,0.0,0.08944944746853145,5.497594482700118,0.9991254577261085,0.005
68340.0,5.336828188542236,0.018607546769792184,0.032129369633264133,0.06425873926652827,0.0,4.634050267580047,5.5,1.0,0.005
68400.0,7.2666894631323595,0.2510604939998789,0.006932076687973296,0.013864153375946592,0.0,6.4077642591167345,5.5,1.0,0.005
68460.0,9.29234875266921,0.3837900424346927,0.010064971992039729,0.020129943984079458,0.0,8.25038365441802,5.5,1.0,0.005
68520.0,0.0,0.0972901901125368,0.02739873823409457,0.05479747646818914,0.0,0.15256344409259742,5.5,1.0,0.005
68580.0,5.529850937476605,0.5520515501151944,0.012605652055813486,0.025211304111626972,0.0,5.2017615271953535,5.5,1.0,0.005
68640.0,15.489901224709149,0.4748392755498828,0.0094935431506848,0.0189870863013696,0.0,13.594237960254421,5.5,1.0,0.005
68700.0,18.683523210057608,0.5025329099057477,0.005792693926882406,0.011585387853764811,0.0,16.322919071482403,5.5,1.0,0.005
68760.0,15.273530622540878,0.5757102716964015,0.018720715536435572,0.037441431072871144,0.0,13.519592584719598,5.5,1.0,0.005
68820.0,2.4386850986127886,0.33689136645174717,0.019950632510534007,0.039901265021068014,0.0,2.410114108206717,5.5,1.0,0.005
68880.0,2.947142910964295,0.46597227035725236,0.00302206220557728,0.00604412441115456,0.0,2.908854162747537,5.5,1.0,0.005
68940.0,10.068608939749433,0.28382587080863714,0.015546301653578502,0.031092603307157005,0.0,8.839212658190986,5.5,1.0,0.005
69000.0,4.708930461818178,0.13895139754818134,0.02099813024013722,0.04199626048027444,0.0,4.174244812573756,5.5,1.0,0.005
69060.0,6.465840002261393,0.02924879553394651,0.005965777073301647,0.011931554146603294,0.0,5.536038209662957,5.5,1.0,0.005
69120.0,5.227717257475366,0.11592052379699186,0.0037221725882198666,0.007444345176439733,0.0,4.5515836541814645,5.5,1.0,0.005
69180.0,1.0680896811395466,0.37909037313948885,0.03184092967263148,0.06368185934526296,0.0,1.3112974168023903,5.5,1.0,0.005
69240.0,10.491948240430025,0.2249863765317394,0.002624870922052997,0.005249741844105994,0.0,9.116087845268734,5.5,1.0,0.005
69300.0,21.62360387628214,0.5424502685782602,0.0010685019872567268,0.0021370039745134536,0.0,18.843870703198842,5.5,1.0,0.005
69360.0,1.788195816542057,0.40577248127586224,0.026385909036591226,0.05277181807318245,0.0,1.9321571211885389,5.5,1.0,0.005
69420.0,1.1867786391183608,0.06002168426981066,0.008480276563317419,0.016960553126634838,0.0,1.0814049801164052,5.5,1.0,0.005
69480.0,0.8992510174669065,0.3860513322845917,0.0032737962164438934,0.006547592432887787,0.0,1.1008551776407054,5.5,1.0,0.005
69540.0,6.847660698549382,0.4288711274205199,0.033852277132685404,0.06770455426537081,0.0,6.271375358762764,5.5,1.0,0.005
69600.0,4.781941723794745,0.14064223870601295,0.001401968272612416,0.002803936545224832,0.0,4.187771387220805,5.5,1.0,0.005
69660.0,18.5948927025001,0.15013801303686344,0.013382570430001425,0.02676514086000285,0.0,15.96740166280292,5.5,1.0,0.005
69720.0,13.058800524055108,0.06830598495180262,0.01946960000837367,0.03893920001674734,0.0,11.207688012677227,5.5,1.0,0.005
69780.0,0.0,0.04933434754324113,0.008958807165946601,0.017917614331893202,0.0,0.0647791536849188,5.5,1.0,0.005
69840.0,0.0,0.475424668201727,0.03268045284729052,0.06536090569458104,0.0,0.4874461227320588,5.5,1.0,0.005
69900.0,4.648610036152856,0.3167848912068823,0.023498124980027967,0.046996249960055934,0.0,4.28050590695485,5.5,1.0,0.005
69960.0,0.0,0.3539142021271306,0.009840711738512248,0.019681423477024496,0.0,0.32592088674126724,5.5,1.0,0.005
70020.0,0.0,0.541420752628965,0.012000977320399168,0.024001954640798337,0.0,0.4908101319016382,5.5,1.0,0.005
70080.0,0.0,0.5610986860969748,0.023098315659221172,0.046196631318442344,0.0,0.5358345881134425,5.5,1.0,0.005
70140.0,21.200703926750034,0.27092050203297474,0.0014907466172632462,0.0029814932345264924,0.0,18.254682168339578,5.5,1.0,0.005
70200.0,9.835613735006838,0.022083284972715365,0.018902892172264468,0.037805784344528935,0.0,8.427244842021896,5.5,1.0,0.005
70260.0,8.020339103499582,0.058389187969434174,0.008959272347587052,0.017918544695174104,0.0,6.889765192235011,5.5,1.0,0.005
70320.0,8.451922076232975,0.42629661044020334,0.02443214998184866,0.04886429996369732,0.0,7.608787866125915,5.5,1.0,0.005
70380.0,6.254229640265623,0.08363443398229223,0.028537182712187404,0.05707436542437481,0.0,5.459954279026805,5.5,1.0,0.005
70440.0,0.0,0.48277249437784786,0.019562304591136805,0.03912460918227361,0.0,0.4602404969285695,5.5,1.0,0.005
70500.0,8.788900098873807,0.5745931882112666,0.025693699118200734,0.05138739823640147,0.0,8.024488226773725,5.5,1.0,0.005
70560.0,0.0,0.27481132150082804,0.01247769423062903,0.02495538846125806,0.0,0.26540774356380786,5.5,1.0,0.005
70620.0,18.18508764062601,0.5632164516284698,0.0004203785069337844,0.0008407570138675688,0.0,15.93713044360899,5.5,1.0,0.005
70680.0,13.515942563647338,0.02328591569201882,0.02489467723451869,0.04978935446903738,0.0,11.571825634386476,5.5,1.0,0.005
70740.0,0.0,0.26369574887557706,0.0029388293456056183,0.005877658691211237,0.0,0.23163540137553484,5.5,1.0,0.005
70800.0,1.6911918499982894,0.45109927971416197,0.008246963192715848,0.016493926385431696,0.0,1.8419772163970092,5.5,1.0,0.005
70860.0,21.257850431022334,0.46247636354757377,0.0003792384329359283,0.0007584768658718566,0.0,18.463244833388405,5.5,1.0,0.005
70920.0,20.51753519329857,0.5049716605085393,0.01780000400771148,0.03560000801542296,0.0,17.914520835955706,5.5,1.0,0.005
70980.0,10.116138211512702,0.3576607211912581,0.00960265843295591,0.01920531686591182,0.0,8.927215871802405,5.5,1.0,0.005
71040.0,29.48815255411714,0.5610583306306661,0.0161833248034056,0.0323666496068112,0.0,25.583096730284318,5.5,1.0,0.005
71100.0,0.0,0.17044795725445755,0.03440571083299551,0.06881142166599102,0.0,0.23261532629042744,5.5,1.0,0.005
71160.0,1.3808834243291623,0.004877079268802675,0.017087867877633944,0.03417573575526789,0.0,1.2214704911462366,5.5,1.0,0.005
71220.0,0.0,0.23072244614832998,0.0006173134891815436,0.0012346269783630871,0.0,0.1976882286234934,5.5,1.0,0.005
71280.0,0.6695038198400609,0.3510546031302437,0.0012272226688870291,0.0024544453377740583,0.0,0.8706040773304209,5.5,1.0,0.005
71340.0,5.662310044116642,0.35013745233249316,0.008038668195751593,0.016077336391503185,0.0,5.131078975880931,5.5,1.0,0.005
71400.0,0.0,0.46349767648903417,0.014357040002825583,0.028714080005651166,0.0,0.4305834770228842,5.5,1.0,0.005
71460.0,6.6192706624693916,0.43239856518409125,0.028334804663814536,0.05666960932762907,0.0,6.0661725953981875,5.5,1.0,0.005
71520.0,0.0,0.2757699544017693,0.0005203844643029028,0.0010407689286058056,0.0,0.23573144162547635,5.5,1.0,0.005
71580.0,1.3266426014594999,0.35021654110518025,0.013451370418431637,0.026902740836863274,0.0,1.4596312657469785,5.5,1.0,0.005
71640.0,0.8235784662311066,0.41028962924367607,0.028709397459304828,0.057418794918609656,0.0,1.1219968446747925,5.5,1.0,0.005
71700.0,0.0,0.5613610694661578,0.02641968591106645,0.0528393718221329,0.0,0.5445271081194536,5.5,1.0,0.005
71760.0,21.185530263048925,0.049079759179990655,0.02211846231895743,0.04423692463791486,0.0,18.105820597807917,5.5,1.0,0.005
71820.0,11.87944782362817,0.1372628331714192,0.017779306740238216,0.03555861348047643,0.0,10.25954129046726,5.5,1.0,0.005
71880.0,0.0,0.14160047607522816,0.01220132024247727,0.02440264048495454,0.0,0.151473771282261,5.5,1.0,0.005
71940.0,23.30153340398957,0.30661428011731895,0.0011378712265769488,0.0022757424531538975,0.0,20.069827103118627,5.5,1.0,0.005
72000.0,1.5671248460780967,0.47449458393369764,0.0037910637258903317,0.007582127451780663,0.0,1.7450437280110458,5.5,1.0,0.005
72060.0,30.830294234320654,0.030641984815357154,0.004606480912105424,0.009212961824210848,0.0,26.24354231259148,5.5,1.0,0.005
72120.0,7.27233638020128,0.06845844997191874,0.011100300992521638,0.022200601985043276,0.0,6.267981373178149,5.5,1.0,0.005
72180.0,15.294109222336317,0.521376437807189,0.02855580097936762,0.05711160195873524,0.0,13.515980103619368,5.5,1.0,0.005
72240.0,3.105653966860223,0.4737315180960652,0.01835751017983605,0.0367150203596721,0.0,3.089289313171427,5.5,1.0,0.005
72300.0,0.6172827135603333,0.052962615760299696,0.014173529420888044,0.028347058841776088,0.0,0.6058510299458025,5.5,1.0,0.005
72360.0,5.195976542874553,0.5821951925003754,0.005938751616258612,0.011877503232517224,0.0,4.926589791690148,5.5,1.0,0.005
72420.0,0.0,0.5594071105449112,0.03148669006070868,0.06297338012141736,0.0,0.5557871036179817,5.5,1.0,0.005
72480.0,5.032651033112385,0.1515787157724867,0.004252748016066205,0.00850549603213241,0.0,4.417439793993109,5.5,1.0,0.005
72540.0,14.189616874230957,0.520111542364467,0.000816507438267951,0.001633014876535902,0.0,12.505351248073692,5.5,1.0,0.005
72600.0,6.851026917607423,0.22962470024854081,0.015208503885846951,0.030417007771693903,0.0,6.0573355600864796,5.5,1.0,0.005
72660.0,18.55898055837773,0.192265148410541,0.0039381776435328695,0.007876355287065739,0.0,15.94860120376104,5.5,1.0,0.005
72720.0,2.5551723822911403,0.5437249104816361,0.020330984951615807,0.040661969903231614,0.0,2.68590671048348,5.5,1.0,0.005
72780.0,1.9369691205219608,0.18750296347795756,0.0034048124083279497,0.006809624816655899,0.0,1.8144835430411668,5.5,1.0,0.005
72840.0,15.771431589767802,0.5487272108204653,0.0005037500578977079,0.0010075001157954157,0.0,13.873419543147666,5.5,1.0,0.005
72900.0,5.8215574086946775,0.2801175306717988,0.004664947778469489,0.009329895556938979,0.0,5.198319315296602,5.5,1.0,0.005
72960.0,30.317221961967874,0.18244837777709608,0.0003463029876042272,0.0006926059752084544,0.0,25.925602861401615,5.5,1.0,0.005
73020.0,0.0,0.3673870773155647,0.004935993106228773,0.009871986212457546,0.0,0.32486579813911337,5.5,1.0,0.005
73080.0,2.0192135694912183,0.4343694921281197,0.004121342233445948,0.008242684466891897,0.0,2.0960550250717245,5.5,1.0,0.005
73140.0,0.0,0.5110970769135936,0.0133135885139814,0.0266271770279628,0.0,0.4683821660872072,5.5,1.0,0.005
73200.0,2.7243218038037913,0.49571378479764894,0.015072119445389253,0.030144238890778507,0.0,2.7754641548969667,5.5,1.0,0.005
73260.0,0.6899155893668516,0.10369668867892769,0.015746870996015076,0.03149374199203015,0.0,0.7147249573787509,5.5,1.0,0.005
73320.0,5.947997485780544,0.4363313506295624,0.017154288665741438,0.034308577331482876,0.0,5.470422947046232,5.5,1.0,0.005
73380.0,1.6820251623161715,0.35573225145966814,0.011431343965887318,0.022862687931774636,0.0,1.761243728822476,5.5,1.0,0.005
73440.0,0.0,0.4613910182090828,0.033031177507758004,0.06606235501551601,0.0,0.4764118681225033,5.5,1.0,0.005
73500.0,0.0,0.5528696433326162,0.0031011971703076187,0.006202394340615237,0.0,0.4778472496170082,5.5,1.0,0.005
73560.0,3.6959197547254194,0.038590469973092664,0.002227173168607967,0.004454346337215934,0.0,3.180012982573685,5.5,1.0,0.005
73620.0,25.10370289906932,0.40093144034989364,0.020830067357249838,0.041660134714499676,0.0,21.732055860267316,5.5,1.0,0.005
73680.0,0.0,0.2646761797691642,0.0044733455366364715,0.008946691073272943,0.0,0.23638178392221257,5.5,1.0,0.005
73740.0,0.0,0.1199416933678488,0.00666728372837736,0.01333456745675472,0.0,0.11895201287003372,5.5,1.0,0.005
73800.0,14.097194331383967,0.2454007548862005,0.0058667786023477945,0.011733557204695589,0.0,12.206166108765629,5.5,1.0,0.005
73860.0,5.459063778745739,0.3199205581472678,0.01580923454101163,0.03161846908202326,0.0,4.9524502344386345,5.5,1.0,0.005
73920.0,0.9869571583386442,0.43563090017290956,0.005043093510265133,0.010086187020530267,0.0,1.2220597381859968,5.5,1.0,0.005
73980.0,0.0,0.35309666431210734,0.01269305208157433,0.02538610416314866,0.0,0.3324994474733058,5.5,1.0,0.005
74040.0,0.0,0.5272637427872084,0.007361219320780341,0.014722438641560682,0.0,0.46694529063711704,5.5,1.0,0.005
74100.0,0.0,0.13408978869520474,0.00206908591589796,0.00413817183179592,0.0,0.11925248947646384,5.5,1.0,0.005
74160.0,1.1509288445396906,0.05406769739503391,0.004634384515133744,0.009268769030267488,0.0,1.0360647411581068,5.5,1.0,0.005
74220.0,4.718975784398557,0.34186806197817204,0.02610386398195015,0.0522077279639003,0.0,4.3682821225741915,5.5,1.0,0.005
74280.0,9.817366488789418,0.31033387619330605,0.0009428461589142702,0.0018856923178285404,0.0,8.610949567940548,5.5,1.0,0.005
74340.0,0.0,0.1512502313828735,0.0007657449038987613,0.0015314898077975227,0.0,0.13051534618038432,5.5,1.0,0.005
74400.0,14.059867973178248,0.2153900310248554,0.013095549852084394,0.026191099704168788,0.0,12.167362955695452,5.5,1.0,0.005
74460.0,0.0,0.30328579432803987,0.021719101399242446,0.04343820279848489,0.0,0.3131766337469021,5.5,1.0,0.005
74520.0,0.6905443940508623,0.4764050190092009,0.009928948723545286,0.019857897447090572,0.0,1.0172258203460942,5.5,1.0,0.005
74580.0,7.719559154778978,0.12490887413025503,0.029835657739653312,0.059671315479306625,0.0,6.743878751808964,5.5,1.0,0.005
74640.0,26.59482705030537,0.27033663958546184,0.004803810619829061,0.009607621239658122,0.0,22.847638853487773,5.5,1.0,0.005
74700.0,0.0,0.26513454862338603,0.007902021570236022,0.015804043140472044,0.0,0.24551452133398,5.5,1.0,0.005
74760.0,0.0,0.13661978813823178,0.00938666941325278,0.01877333882650556,0.0,0.1400628269212916,5.5,1.0,0.005
74820.0,27.409656548500728,0.2376547096097369,0.0023867484528772354,0.004773496905754471,0.0,23.50630077794873,5.5,1.0,0.005
74880.0,17.513558003765926,0.3981863399281787,0.01986416517444034,0.03972833034888068,0.0,15.275636313334807,5.5,1.0,0.005
74940.0,1.2515842122214866,0.5693083131045386,0.006888971987196292,0.013777943974392585,0.0,1.5653255250944718,5.5,1.0,0.005
75000.0,22.695988715906008,0.18701312109688076,0.015256236954029586,0.03051247390805917,0.0,19.48945496568523,5.5,1.0,0.005
75060.0,0.0,0.43635496299514254,0.0017271361289086216,0.0034542722578172432,0.0,0.37530591567458815,5.5,1.0,0.005
75120.0,2.082510896576733,0.18658686596283475,0.0024919210203669245,0.004983842040733849,0.0,1.9350874967605685,5.5,1.0,0.005
75180.0,8.903179664494012,0.01797651637420413,0.005283218561495192,0.010566437122990383,0.0,7.596454961069797,5.5,1.0,0.005
75240.0,15.890396335959066,0.08232646079862317,0.0030654923850507517,0.006130984770101503,0.0,13.584631382825915,5.5,1.0,0.005
75300.0,1.8786106031804093,0.3428641444098377,0.031122632657722873,0.06224526531544575,0.0,1.9676162487289037,5.5,1.0,0.005
75360.0,1.3754315927620369,0.312050434425299,0.017896152154462105,0.03579230430892421,0.0,1.4799949111031137,5.5,1.0,0.005
75420.0,0.0,0.40005447642350744,0.0019864223722463807,0.003972844744492761,0.0,0.3451116820092096,5.5,1.0,0.005
75480.0,6.831892613653679,0.5632731990947728,0.00427079197516772,0.00854158395033544,0.0,6.296781460372862,5.5,1.0,0.005
75540.0,0.0,0.3963470778454042,0.01173340645839258,0.02346681291678516,0.0,0.3668152026374946,5.5,1.0,0.005
75600.0,3.13771874690348,0.3060059535226419,0.028136519294880383,0.056273038589760765,0.0,2.9989141195641484,5.5,1.0,0.005
75660.0,1.536334849644252,0.514468888403302,0.022824268621110633,0.04564853724222127,0.0,1.8013850623242529,5.5,1.0,0.005
75720.0,29.81142511691903,0.09765752316902299,0.004389014421308439,0.008778028842616878,0.0,25.43391223084918,5.5,1.0,0.005
75780.0,1.8824402028746854,0.5387564681280907,0.024507995075862404,0.04901599015172481,0.0,2.120512557795809,5.5,1.0,0.005
75840.0,1.1499109317327123,0.4339192678283241,0.0008069210364878197,0.0016138420729756393,0.0,1.348313318269925,5.5,1.0,0.005
75900.0,1.003424542145192,0.5470650661568209,0.019103461459877888,0.038206922919755776,0.0,1.3666299937793995,5.5,1.0,0.005
75960.0,9.592729969110195,0.46157196391209854,0.029855791748756026,0.05971158349751205,0.0,8.622288912028276,5.5,1.0,0.005
76020.0,25.01597426682812,0.03341700504051873,0.017685157748186568,0.035370315496373136,0.0,21.33707973334622,5.5,1.0,0.005
76080.0,10.289260652827139,0.4732239864558342,0.004976157019222188,0.009952314038444376,0.0,9.160801143789543,5.5,1.0,0.005
76140.0,25.598021848611122,0.15704728185873984,0.03108824116608687,0.06217648233217374,0.0,21.971083775872906,5.5,1.0,0.005
76200.0,0.0,0.11740196581603096,0.0003646762836663944,0.0007293525673327888,0.0,0.10072159546697562,5.5,1.0,0.005
76260.0,27.133481523916334,0.21015732806081733,0.026483122172846724,0.05296624434569345,0.0,23.309624985721335,5.5,1.0,0.005
76320.0,27.302388746491125,0.17970763180428573,0.028810288847654207,0.057620577695308414,0.0,23.433248158112615,5.5,1.0,0.005
76380.0,0.0,0.4237398541608465,0.025733666992760595,0.05146733398552119,0.0,0.42579972686825895,5.5,1.0,0.005
76440.0,0.0,0.4388844410218929,0.008650034604257567,0.017300069208515133,0.0,0.3951093631094657,5.5,1.0,0.005
76500.0,20.8479797871947,0.3785265000024677,0.00048791139733110584,0.0009758227946622117,0.0,18.043774518180786,5.5,1.0,0.005
76560.0,8.679981734540736,0.3135959060574715,0.013519917159013692,0.027039834318027384,0.0,7.679016783263962,5.5,1.0,0.005
76620.0,10.28449984361376,0.3801079346826451,0.005548297953487198,0.011096595906974396,0.0,9.079064771333336,5.5,1.0,0.005
76680.0,24.569513710068435,0.08687997792092923,0.007422509964912514,0.014845019929825029,0.0,20.976862035201485,5.5,1.0,0.005
76740.0,4.801801434377557,0.386743644173767,0.013562755467146958,0.027125510934293915,0.0,4.44484834320985,5.5,1.0,0.005
76800.0,23.081625685567584,0.23968149549263534,0.0040326794164961205,0.008065358832992241,0.0,19.833394436413254,5.5,1.0,0.005
76860.0,2.0663892405372093,0.31282668075780373,0.00252071177252304,0.00504142354504608,0.0,2.0287613481206948,5.5,1.0,0.005
76920.0,1.0878891479666972,0.5438033514842732,0.0009773846976619434,0.0019547693953238868,0.0,1.389430955512363,5.5,1.0,0.005
76980.0,0.0,0.3683997233674683,0.001170632817885362,0.002341265635770724,0.0,0.31612487854795573,5.5,1.0,0.005
77040.0,10.45049626935009,0.34429600468385224,0.0019720037772653735,0.003944007554530747,0.0,9.180602042560876,5.5,1.0,0.005
77100.0,0.0,0.46530629789580125,0.02777195241664707,0.05554390483329414,0.0,0.46632883187388113,5.5,1.0,0.005
77160.0,0.0,0.3428007058751229,0.013051449762066444,0.02610289952413289,0.0,0.3246617968871239,5.5,1.0,0.005
77220.0,8.952771935556132,0.4737729236591559,0.011386490982322767,0.022772981964645535,0.0,8.04159868233792,5.5,1.0,0.005
77280.0,26.374352841261178,0.5010755338963144,0.01495439807701526,0.02990879615403052,0.0,22.88224783398026,5.5,1.0,0.005
77340.0,30.663063786895922,0.4219547846762394,0.0011313578193416175,0.002262715638683235,0.0,26.42515074827566,5.5,1.0,0.005
77400.0,13.984899460354503,0.5642942107140068,0.0024226331173947406,0.004845266234789481,0.0,12.37299233485759,5.5,1.0,0.005
77460.0,15.858774838805413,0.3977676280929305,0.027104557865800093,0.054209115731600185,0.0,13.88717771942138,5.5,1.0,0.005
77520.0,17.15770169924663,0.22976898986090455,0.01034119479911534,0.02068238959823068,0.0,14.805720132479147,5.5,1.0,0.005
77580.0,6.188709502817293,0.3999962479165383,0.027075178480461596,0.05415035696092319,0.0,5.6694415932489335,5.5,1.0,0.005
77640.0,1.2355917988004856,0.0815990450551257,0.024648074134051054,0.04929614826810211,0.0,1.1824648063190997,5.5,1.0,0.005
77700.0,14.95890345787145,0.42184272402222095,0.019956927189781978,0.039913854379563955,0.0,13.124524418943565,5.5,1.0,0.005
77760.0,0.0,0.5183334957571971,0.0032799526425781795,0.006559905285156359,0.0,0.44894735063219193,5.5,1.0,0.005
77820.0,0.0,0.09078844217201411,0.010292525397673133,0.020585050795346265,0.0,0.10341611561027847,5.5,1.0,0.005
77880.0,15.952209647520625,0.5232556105286487,0.0021773686939385644,0.004354737387877129,0.0,14.009697759511425,5.5,1.0,0.005
77940.0,0.0,0.056029281755527266,0.0006739447669807654,0.0013478895339615307,0.0,0.04934344864799913,5.49681545737934,0.9988423197515521,0.005
78000.0,0.6399767365711564,0.2559661605141535,0.012420491539615688,0.024840983079231375,0.0,0.7932237159485332,5.5,1.0,0.005
78060.0,3.9262835553390554,0.37410827621520304,0.028079215896856566,0.05615843179371313,0.0,3.7269350573581037,5.5,1.0,0.005
78120.0,21.127844724076397,0.36254127539069586,0.027654122804630622,0.055308245609261245,0.0,18.33734611269884,5.5,1.0,0.005
78180.0,11.274329237013582,0.5765814158303416,0.0011013057082946297,0.0022026114165892593,0.0,10.076082384473485,5.5,1.0,0.005
78240.0,2.220744918255325,0.3619258326793105,0.027796152804758265,0.05559230560951653,0.0,2.2661503279465736,5.5,1.0,0.005
78300.0,1.5598057202867355,0.19375645167060757,0.0005204703823723712,0.0010409407647447423,0.0,1.4918550456387911,5.5,1.0,0.005
78360.0,0.0,0.5024889269864246,0.0007944938285413904,0.0015889876570827808,0.0,0.4291415472012414,5.5,1.0,0.005
78420.0,1.1309935382741854,0.40558782536615084,0.0032150825232035818,0.0064301650464071635,0.0,1.314292619528455,5.5,1.0,0.005
78480.0,0.0,0.2401492656895987,0.01360785462627946,0.02721570925255892,0.0,0.23882690513317148,5.5,1.0,0.005
78540.0,0.0,0.11689633332711306,0.006299257254398183,0.012598514508796366,0.0,0.11542498932676147,5.5,1.0,0.005
78600.0,0.0,0.4948755023752494,0.015919590544226977,0.031839181088453954,0.0,0.46123913290674073,5.5,1.0,0.005
78660.0,0.6787124683284629,0.5322003808307738,0.03315992120875583,0.06631984241751165,0.0,1.1138337208676787,5.5,1.0,0.005
78720.0,1.9577919412001423,0.35409232756809883,0.02427429053160169,0.04854858106320338,0.0,2.0270010693085894,5.5,1.0,0.005
78780.0,0.0,0.2738635288799365,0.023735692480141405,0.04747138496028281,0.0,0.29331001537230655,5.5,1.0,0.005
78840.0,0.8848089549484465,0.42035367970702336,0.01513925058806758,0.03027850117613516,0.0,1.1479933284567216,5.5,1.0,0.005
78900.0,22.077927598883694,0.477215082714664,0.014222291264728699,0.028444582529457398,0.0,19.20813812208366,5.5,1.0,0.005
78960.0,14.059965025606774,0.0327892188576012,0.0272510883113799,0.0545021766227598,0.0,12.048331382988737,5.5,1.0,0.005
79020.0,22.01229264226779,0.41841775422550526,0.00469980651749767,0.00939961303499534,0.0,19.078088343638917,5.5,1.0,0.005
79080.0,1.873591019488154,0.25553417761364866,0.0014977318601188227,0.0029954637202376454,0.0,1.8135756337798352,5.5,1.0,0.005
79140.0,1.758543776203199,0.23274420223492784,0.009070975628650627,0.018141951257301253,0.0,1.7157257695254668,5.5,1.0,0.005
79200.0,1.0485336636130855,0.3231000711648851,0.009323600471936165,0.01864720094387233,0.0,1.1896638557647121,5.5,1.0,0.005
79260.0,0.0,0.340609579963139,0.007903036560221979,0.015806073120443957,0.0,0.3096708861972342,5.5,1.0,0.005
79320.0,1.212747108162974,0.047000369028990595,0.0026905695878785703,0.005381139175757141,0.0,1.0776463080622602,5.5,1.0,0.005
79380.0,5.932700802871018,0.2373368455703646,0.001041559078371484,0.002083118156742968,0.0,5.247187976825023,5.5,1.0,0.005
79440.0,14.315621635644339,0.5762295926210873,0.0037867722537814966,0.007573544507562993,0.0,12.667729813272755,5.5,1.0,0.005
79500.0,0.8534194635341582,0.024868429966817138,0.004036848182451631,0.008073696364903262,0.0,0.7568386723410807,5.5,1.0,0.005
79560.0,8.451051426932409,0.16360052787322066,0.02881331366863395,0.0576266273372679,0.0,7.395928111439802,5.5,1.0,0.005
79620.0,7.713132046893483,0.37873889409589995,0.0007631054558756752,0.0015262109117513505,0.0,6.880036218753459,5.5,1.0,0.005
79680.0,0.0,0.09479884937365525,0.019795867021081968,0.039591734042163935,0.0,0.13105848287136598,5.5,1.0,0.005
79740.0,13.301226068175971,0.010531982653283829,0.019213509958426484,0.03842701991685297,0.0,11.363988793598853,5.5,1.0,0.005
79800.0,17.969110119612473,0.20804665708709427,0.007813808103220896,0.01562761620644179,0.0,15.470508470857846,5.5,1.0,0.005
79860.0,10.441821561742954,0.01576946804391072,0.03353203766245114,0.06706407532490229,0.0,8.974459071358085,5.5,1.0,0.005
79920.0,0.0,0.4418240900551648,0.030218215200428066,0.06043643040085613,0.0,0.45260692530798163,5.5,1.0,0.005
79980.0,2.5122121631637966,0.19544758572047263,0.010210414443326935,0.02042082888665387,0.0,2.327547343382113,5.5,1.0,0.005
80040.0,0.6819224346903895,0.3102543088395071,0.019904272905574234,0.03980854581114847,0.0,0.8941061279096264,5.5,1.0,0.005
80100.0,3.892789563648775,0.4783136306258275,0.029132008184993296,0.05826401636998659,0.0,3.789724336005145,5.5,1.0,0.005
80160.0,0.0,0.21782503499805925,0.020122692306749734,0.04024538461349947,0.0,0.23646414513056216,5.5,1.0,0.005
80220.0,0.0,0.4114827693594556,0.006530098561492683,0.013060197122985366,0.0,0.3664121052873436,5.5,1.0,0.005
80280.0,22.167540357519876,0.5485068546719327,0.00034979671919041814,0.0006995934383808363,0.0,19.309532111996973,5.5,1.0,0.005
80340.0,13.085304109969675,0.346557077101241,0.01270589893708346,0.02541179787416692,0.0,11.449482051299842,5.5,1.0,0.005
80400.0,6.07055564027453,0.4144143526960619,0.01214607065349674,0.02429214130699348,0.0,5.543196974191419,5.5,1.0,0.005
80460.0,23.26312962342192,0.41423715818531404,0.03408396699169835,0.0681679339833967,0.0,20.212675880194983,5.5,1.0,0.005
80520.0,22.667290217749116,0.13488930978761585,0.0012001422021663262,0.0024002844043326524,0.0,19.384912961021744,5.5,1.0,0.005
80580.0,3.9965708920877785,0.22135392375600826,0.002040112475568234,0.004080224951136468,0.0,3.590438380279918,5.5,1.0,0.005
80640.0,6.809287629637488,0.1839139949043174,0.021892865174501955,0.04378573034900391,0.0,6.000048187055515,5.5,1.0,0.005
80700.0,13.324650169275086,0.5618758736138657,0.002971260192056696,0.005942520384113392,0.0,11.811123849945355,5.5,1.0,0.005
80760.0,0.0,0.2998212335054043,0.0018689764724810398,0.0037379529449620796,0.0,0.25961393848442027,5.5,1.0,0.005
80820.0,3.131214135507067,0.09972726871278215,0.0003507311602268846,0.0007014623204537692,0.0,2.7471945580454507,5.5,1.0,0.005
80880.0,23.319875358275386,0.3040298324439584,0.01116266076774053,0.02232532153548106,0.0,20.10878419706918,5.5,1.0,0.005
80940.0,0.0,0.27012157951889426,0.0316293520077526,0.0632587040155052,0.0,0.31025819021082923,5.5,1.0,0.005
81000.0,5.781037443170082,0.16067313973396213,0.014085699274821568,0.028171398549643137,0.0,5.086372528619234,5.5,1.0,0.005
81060.0,1.5713025128218427,0.2143995069968234,0.015157812495058865,0.03031562499011773,0.0,1.5564991387082663,5.5,1.0,0.005
81120.0,20.95831652685944,0.102242848312553,0.007740301940345159,0.015480603880690318,0.0,17.921213238844075,5.5,1.0,0.005
81180.0,1.8392479155522519,0.2943498664198985,0.024878911959987402,0.049757823919974804,0.0,1.8769993401742957,5.5,1.0,0.005
81240.0,0.0,0.2967114790543045,0.025648803964242517,0.051297607928485034,0.0,0.3176092073049772,5.5,1.0,0.005
81300.0,0.0,0.19932573078767776,0.03199617785959,0.06399235571918,0.0,0.2510171247114806,5.5,1.0,0.005
81360.0,5.87676533303592,0.5151323779792436,0.029752077362735975,0.05950415472547195,0.0,5.508980851637866,5.5,1.0,0.005
81420.0,26.83416648657844,0.25144635654937986,0.022068063991939387,0.044136127983878774,0.0,23.07904447983809,5.5,1.0,0.005
81480.0,4.052741986378148,0.00765145830640337,0.015082056812648324,0.030164113625296647,0.0,3.4897936728541223,5.5,1.0,0.005
81540.0,0.0,0.37760761044523333,0.0004568688465188757,0.0009137376930377514,0.0,0.32213148443707146,5.5,1.0,0.005
81600.0,5.464328871739412,0.3860896854805966,0.017597378235879115,0.03519475647175823,0.0,5.017729088138499,5.5,1.0,0.005
81660.0,3.1267214527355223,0.5729108452457056,0.018033930770403724,0.03606786154080745,0.0,3.1906739767485734,5.5,1.0,0.005
81720.0,0.0,0.4329936068543857,0.023486297412263563,0.04697259482452713,0.0,0.42793462422749995,5.5,1.0,0.005
81780.0,7.693698209220827,0.5522899133489694,0.018268116202432395,0.03653623240486479,0.0,7.055673600500529,5.5,1.0,0.005
81840.0,24.929941280014788,0.516105422668521,0.013345389716171174,0.026690779432342347,0.0,21.663170441057048,5.5,1.0,0.005
81900.0,0.0,0.4621405882953734,0.005094278336265374,0.010188556672530748,0.0,0.4058099098085441,5.5,1.0,0.005
81960.0,1.4041630096848807,0.20474273057982112,0.008146431791578305,0.01629286358315661,0.0,1.388343280293521,5.5,1.0,0.005
82020.0,0.0,0.20828393925737662,0.01459349348830148,0.02918698697660296,0.0,0.21425475676393888,5.5,1.0,0.005
82080.0,0.0,0.26920897396861837,0.00043171945677975264,0.0008634389135595053,0.0,0.229928512488114,5.5,1.0,0.005
82140.0,4.132363995863194,0.0796372747008504,0.0109137185880036,0.0218274371760072,0.0,3.6080310623788474,5.5,1.0,0.005
82200.0,15.805197839767729,0.33620681204226105,0.007064042776428045,0.01412808555285609,0.0,13.73820726311838,5.5,1.0,0.005
82260.0,27.956708533051508,0.4836515021925456,0.011727435590262765,0.02345487118052553,0.0,24.204210990712618,5.5,1.0,0.005
82320.0,24.700678709255815,0.31709063771624374,0.013445690064278608,0.026891380128557216,0.0,21.29939045459016,5.5,1.0,0.005
82380.0,4.245030260671441,0.5350864077567915,0.029738511163254575,0.05947702232650915,0.0,4.138932371630297,5.5,1.0,0.005
82440.0,1.1526842640853712,0.47618642119929666,0.022960927222603584,0.04592185444520717,0.0,1.4430904469096066,5.5,1.0,0.005
82500.0,8.003115802896847,0.13486810338321806,0.014219042922565478,0.028438085845130957,0.0,6.953544879790597,5.5,1.0,0.005
82560.0,12.751923249317551,0.27764692079661957,0.0016354301851929215,0.003270860370385843,0.0,11.079304991569286,5.5,1.0,0.005
82620.0,2.569758824191808,0.5818468067547813,0.009695642012724597,0.019391284025449193,0.0,2.7035886734370482,5.5,1.0,0.005
82680.0,18.69356603488492,0.3980773884610392,0.001014794003624321,0.002029588007248642,0.0,16.23048463455331,5.5,1.0,0.005
82740.0,0.0,0.4757292626059739,0.00675695828730527,0.01351391657461054,0.0,0.42160011684770626,5.5,1.0,0.005
82800.0,0.0,0.4966804691235253,0.018981144445358887,0.037962288890717774,0.0,0.4705803170906616,5.5,1.0,0.005
82860.0,0.5484788045995534,0.48765884312884555,0.00617645199138787,0.01235290398277574,0.0,0.8964669531471781,5.5,1.0,0.005
82920.0,0.0,0.26631464707171815,0.0017065521252659387,0.0034131042505318775,0.0,0.23071915793038855,5.5,1.0,0.005
82980.0,3.9538866477188948,0.5715620275438288,0.01200814549173254,0.02401629098346508,0.0,3.8772521449772333,5.5,1.0,0.005
83040.0,0.0,0.5846240281782572,0.0056462942905763395,0.011292588581152679,0.0,0.5113284743924883,5.5,1.0,0.005
83100.0,4.88440268569102,0.30837797544458573,0.01723168115258217,0.03446336230516434,0.0,4.457804348904349,5.5,1.0,0.005
83160.0,3.305157771822777,0.07055609399491748,0.0067513078175070245,0.013502615635014049,0.0,2.8865726208796834,5.5,1.0,0.005
83220.0,3.493302376311895,0.09071068698034879,0.023326826180864107,0.046653652361728214,0.0,3.1058945105596103,5.5,1.0,0.005
83280.0,0.0,0.5298869938343782,0.015429374327590506,0.030858748655181012,0.0,0.48974884929457724,5.5,1.0,0.005
83340.0,0.8215489759133582,0.5026497110812753,0.027535139027822685,0.05507027805564537,0.0,1.1957834884663863,5.5,1.0,0.005
83400.0,0.0,0.5248374016693086,0.022167100878127077,0.04433420175625415,0.0,0.5026378986581364,5.5,1.0,0.005
83460.0,13.040173590349882,0.5089516646574558,0.019371231171865674,0.03874246234373135,0.0,11.566153106244494,5.5,1.0,0.005
83520.0,5.525853108752683,0.44380085808702113,0.008489920862752185,0.01697984172550437,0.0,5.095855170013767,5.5,1.0,0.005
83580.0,26.095349833890133,0.5212616806478647,0.027242833026373106,0.05448566605274621,0.0,22.69358901157455,5.5,1.0,0.005
83640.0,4.027717585599408,0.3341910198710637,0.01893332396444731,0.03786664792889462,0.0,3.755902290759241,5.5,1.0,0.005
83700.0,2.8477027217556574,0.40076623905675307,0.0033495689678048196,0.006699137935609639,0.0,2.7697400175584512,5.5,1.0,0.005
83760.0,14.825645466303873,0.23853491113601105,0.010989870410215936,0.021979740820431873,0.0,12.832577490369951,5.5,1.0,0.005
83820.0,0.7219483341474694,0.14040091694922363,0.0006839414699357556,0.0013678829398715113,0.0,0.7347409141805253,5.5,1.0,0.005
83880.0,0.0,0.13323568606869254,0.0017819629423799122,0.0035639258847598243,0.0,0.11779433866145744,5.5,1.0,0.005
83940.0,0.0,0.14105582722579402,0.02515677492019787,0.05031354984039574,0.0,0.18404722918842947,5.5,1.0,0.005
84000.0,5.642956666990974,0.201825331527386,0.006560905031145426,0.013121810062290852,0.0,4.984795006570027,5.5,1.0,0.005
84060.0,0.0,0.19643266984729962,0.027562560420470398,0.055125120840940796,0.0,0.23725229844240417,5.5,1.0,0.005
84120.0,28.133134377956416,0.2667939318512982,0.013194672207401935,0.02638934441480387,0.0,24.17358547746543,5.5,1.0,0.005
84180.0,15.074126986160246,0.36132381380794815,0.0029571586281367723,0.005914317256273545,0.0,13.127673934474714,5.5,1.0,0.005
84240.0,5.609595784520825,0.0987359346920507,0.0032068817232510875,0.006413763446502175,0.0,4.860259509725234,5.5,1.0,0.005
84300.0,2.011987499672971,0.4660170553422283,0.00424780350977943,0.00849560701955886,0.0,2.1171357707128573,5.5,1.0,0.005
84360.0,19.13207642520853,0.27316711596287707,0.010197088756574605,0.02039417751314921,0.0,16.52045958632496,5.5,1.0,0.005
84420.0,1.0126313097962396,0.4964366962487685,0.018627626389515543,0.037255252779031085,0.0,1.3302082524315215,5.5,1.0,0.005
84480.0,0.0,0.23369069674754256,0.02891506066190145,0.0578301213238029,0.0,0.2723704969232599,5.5,1.0,0.005
84540.0,0.0,0.06274368886437351,0.0322778697185091,0.0645557394370182,0.0,0.1356407033169157,5.5,1.0,0.005
84600.0,3.1035124063006494,0.14709196447496783,0.010234400487062341,0.020468800974124682,0.0,2.7891114364012832,5.5,1.0,0.005
84660.0,1.3001819706004385,0.1303551300870924,0.011297778013168292,0.022595556026336585,0.0,1.2447658695179804,5.5,1.0,0.005
84720.0,0.0,0.4178542386947506,0.004019584534115805,0.00803916906823161,0.0,0.3654260434525333,5.5,1.0,0.005
84780.0,0.0,0.5777170877911316,0.00465681734069019,0.00931363468138038,0.0,0.5029344088412219,5.5,1.0,0.005
84840.0,14.57706403864814,0.1475016737623125,0.0005547456495945534,0.0011094912991891069,0.0,12.51729545695535,5.5,1.0,0.005
84900.0,0.0,0.2477045685554149,0.002755965013903375,0.00551193002780675,0.0,0.21757659405755625,5.5,1.0,0.005
84960.0,0.0,0.41340702155103276,0.0009280887499006489,0.0018561774998012979,0.0,0.3537625946306245,5.5,1.0,0.005
85020.0,24.935625307838418,0.4242110408009634,0.012692905537333241,0.025385811074666483,0.0,21.58822780546367,5.5,1.0,0.005
85080.0,1.6651642505395947,0.3366551623851749,0.006182715841810931,0.012365431683621862,0.0,1.717312426382672,5.5,1.0,0.005
85140.0,27.146210881999476,0.48840517608486206,0.00967014349598588,0.01934028699197176,0.0,23.51408251528645,5.5,1.0,0.005
85200.0,0.0,0.3663030824325037,0.028823537945210875,0.05764707589042175,0.0,0.3848576418279158,5.5,1.0,0.005
85260.0,0.0,0.5128030614940954,0.020920667863488104,0.04184133572697621,0.0,0.4892303053218758,5.5,1.0,0.005
85320.0,7.340195636384009,0.07146731731341086,0.0033450700953097092,0.0066901401906194185,0.0,6.308443439385846,5.5,1.0,0.005
85380.0,0.0,0.4077437871369088,0.018163144927291635,0.03632628985458327,0.0,0.3928982386309661,5.5,1.0,0.005
85440.0,26.977507258061443,0.23576787866308152,0.004051760271978147,0.008103520543956294,0.0,23.14161585490939,5.5,1.0,0.005
85500.0,20.72118186323984,0.15384795190677533,0.026610925658309095,0.05322185131661819,0.0,17.811633203303312,5.5,1.0,0.005
85560.0,0.0,0.11795613466614277,0.0064999705148688905,0.012999941029737781,0.0,0.11683763927913703,5.5,1.0,0.005
85620.0,0.0,0.5217295354219396,0.002917998092452358,0.005835996184904716,0.0,0.45091100024440217,5.5,1.0,0.005
85680.0,11.433840989839139,0.30964529006314795,0.03223548897139561,0.06447097794279122,0.0,10.064163834794002,5.5,1.0,0.005
85740.0,9.089647505148214,0.21673113427778487,0.00507710117860371,0.01015420235720742,0.0,7.923368451517537,5.5,1.0,0.005
85800.0,0.0,0.19585557901147546,0.003817484448730493,0.007634968897460986,0.0,0.1762118275040169,5.5,1.0,0.005
85860.0,0.0,0.475694020733144,0.0015720178189136964,0.003144035637827393,0.0,0.4083485630614023,5.5,1.0,0.005
85920.0,14.485379871432752,0.3830776208453788,0.0030880195052330195,0.006176039010466039,0.0,12.646063318174754,5.5,1.0,0.005
85980.0,22.72964294489045,0.3907358916235801,0.027560307093747856,0.05512061418749571,0.0,19.72260079412598,5.5,1.0,0.005
86040.0,1.9932052277984014,0.1513119468455434,0.002813213971963543,0.005626427943927086,0.0,1.8300132940758596,5.5,1.0,0.005
86100.0,0.7057060097870901,0.06622685995081215,0.027606090217157462,0.055212180434314924,0.0,0.7265384693309684,5.5,1.0,0.005
86160.0,11.922588573880478,0.3346777748825447,0.0014526308880618705,0.002905261776123741,0.0,10.422380605213128,5.5,1.0,0.005
86220.0,24.060372654027585,0.24939579924526079,0.012927346178742121,0.025854692357484242,0.0,20.69626791803771,5.5,1.0,0.005
86280.0,14.592070353357709,0.25082134828387226,0.0019336258909634747,0.0038672517819269493,0.0,12.6213886924173,5.5,1.0,0.005
86340.0,25.667439367241744,0.464713352244334,0.024712973686853254,0.04942594737370651,0.0,22.27534789446464,5.5,1.0,0.005
